# Blender 5.1.2
# www.blender.org
mtllib car.mtl
o Cube
v -1.000000 0.340000 2.300000
v -1.000000 0.977500 2.300000
v -0.650000 0.340000 -2.500000
v -0.525000 1.487500 -2.350000
v 1.000000 0.340000 2.300000
v 1.000000 0.977500 2.300000
v 0.650000 0.340000 -2.500000
v 0.525000 1.487500 -2.350000
v -1.000000 0.340000 -1.550000
v -1.000000 0.595000 -0.900000
v -1.000000 0.595000 0.900000
v -1.000000 0.340000 1.550000
v -1.000000 1.105000 1.900000
v -0.750000 1.615000 0.900000
v -0.750000 1.615000 -0.900000
v -0.750000 1.487500 -1.900000
v 1.000000 0.340000 1.550000
v 1.000000 0.595000 0.900000
v 1.000000 0.595000 -0.900000
v 1.000000 0.340000 -1.550000
v 0.750000 1.487500 -1.900000
v 0.750000 1.615000 -0.900000
v 0.750000 1.615000 0.900000
v 1.000000 1.105000 1.900000
v -1.000000 0.340000 -0.766667
v -1.000000 0.340000 0.766667
v -0.750000 1.615000 0.566667
v -0.750000 1.615000 -0.566667
v 1.000000 0.340000 0.766667
v 1.000000 0.340000 -0.766667
v 0.750000 1.615000 -0.566667
v 0.750000 1.615000 0.566667
v -1.000000 0.599250 -1.400000
v -0.750000 1.615000 -1.400000
v 1.000000 0.599250 -1.400000
v 0.750000 1.615000 -1.400000
v -1.000000 0.599250 1.400000
v -1.000000 1.105000 1.400000
v 1.000000 0.599250 1.400000
v 1.000000 1.105000 1.400000
v 0.690000 0.468234 0.816962
v 0.690000 0.533847 0.836866
v 0.690000 0.594315 0.869187
v 0.690000 0.647316 0.912684
v 0.690000 0.690813 0.965685
v 0.690000 0.723134 1.026153
v 0.690000 0.743038 1.091765
v 0.690000 0.749758 1.160000
v 0.690000 0.743038 1.228234
v 0.690000 0.723134 1.293846
v 0.690000 0.690813 1.354315
v 0.690000 0.647316 1.407316
v 0.690000 0.594315 1.450813
v 0.690000 0.533847 1.483134
v 0.690000 0.468235 1.503037
v 0.690000 0.400000 1.509758
v 0.690000 0.331766 1.503037
v 0.690000 0.266154 1.483134
v 0.690000 0.205685 1.450813
v 0.690000 0.152684 1.407316
v 0.690000 0.109187 1.354315
v 0.690000 0.076866 1.293846
v 0.690000 0.056962 1.228234
v 0.690000 0.050242 1.160000
v 0.690000 0.056962 1.091765
v 0.690000 0.076866 1.026153
v 0.690000 0.109187 0.965685
v 0.690000 0.152684 0.912684
v 0.690000 0.205685 0.869187
v 0.690000 0.266153 0.836866
v 0.690000 0.400000 0.810242
v 0.690000 0.331766 0.816962
v 0.810000 0.468234 0.816962
v 0.810000 0.533847 0.836866
v 0.810000 0.594315 0.869187
v 0.810000 0.647316 0.912684
v 0.810000 0.690813 0.965685
v 0.810000 0.723134 1.026153
v 0.810000 0.743038 1.091765
v 0.810000 0.749758 1.160000
v 0.810000 0.743038 1.228234
v 0.810000 0.723134 1.293846
v 0.810000 0.690813 1.354315
v 0.810000 0.647316 1.407316
v 0.810000 0.594315 1.450813
v 0.810000 0.533846 1.483134
v 0.810000 0.468235 1.503037
v 0.810000 0.400000 1.509758
v 0.810000 0.331766 1.503037
v 0.810000 0.266154 1.483134
v 0.810000 0.205685 1.450813
v 0.810000 0.152684 1.407316
v 0.810000 0.109187 1.354315
v 0.810000 0.076866 1.293846
v 0.810000 0.056962 1.228234
v 0.810000 0.050242 1.160000
v 0.810000 0.056962 1.091765
v 0.810000 0.076866 1.026153
v 0.810000 0.109187 0.965685
v 0.810000 0.152684 0.912684
v 0.810000 0.205685 0.869187
v 0.810000 0.266153 0.836866
v 0.810000 0.331766 0.816962
v 0.810000 0.400000 0.810242
v 0.590000 0.400000 0.810242
v 0.640000 0.400000 0.760000
v 0.910000 0.400000 0.810242
v 0.860000 0.400000 0.760000
v 0.590000 0.331766 0.816962
v 0.640000 0.321964 0.767686
v 0.910000 0.331766 0.816962
v 0.860000 0.321964 0.767686
v 0.590000 0.266153 0.836866
v 0.640000 0.246927 0.790448
v 0.910000 0.266153 0.836866
v 0.860000 0.246927 0.790448
v 0.590000 0.205685 0.869187
v 0.640000 0.177772 0.827412
v 0.910000 0.205685 0.869187
v 0.860000 0.177772 0.827412
v 0.590000 0.152684 0.912684
v 0.640000 0.117157 0.877157
v 0.910000 0.152684 0.912684
v 0.860000 0.117157 0.877157
v 0.590000 0.109187 0.965685
v 0.640000 0.067412 0.937772
v 0.910000 0.109187 0.965685
v 0.860000 0.067412 0.937772
v 0.590000 0.076866 1.026153
v 0.640000 0.030448 1.006927
v 0.910000 0.076866 1.026153
v 0.860000 0.030448 1.006927
v 0.590000 0.056962 1.091765
v 0.640000 0.007686 1.081964
v 0.910000 0.056962 1.091765
v 0.860000 0.007686 1.081964
v 0.590000 0.050242 1.160000
v 0.640000 0.000000 1.160000
v 0.910000 0.050242 1.160000
v 0.860000 0.000000 1.160000
v 0.590000 0.056962 1.228234
v 0.640000 0.007686 1.238036
v 0.910000 0.056962 1.228234
v 0.860000 0.007686 1.238036
v 0.590000 0.076866 1.293846
v 0.640000 0.030448 1.313073
v 0.910000 0.076866 1.293846
v 0.860000 0.030448 1.313073
v 0.590000 0.109187 1.354315
v 0.640000 0.067412 1.382228
v 0.910000 0.109187 1.354315
v 0.860000 0.067412 1.382228
v 0.590000 0.152684 1.407316
v 0.640000 0.117157 1.442843
v 0.910000 0.152684 1.407316
v 0.860000 0.117157 1.442843
v 0.590000 0.205685 1.450813
v 0.640000 0.177772 1.492588
v 0.910000 0.205685 1.450813
v 0.860000 0.177772 1.492588
v 0.590000 0.266154 1.483134
v 0.640000 0.246927 1.529552
v 0.910000 0.266154 1.483134
v 0.860000 0.246927 1.529552
v 0.590000 0.331766 1.503037
v 0.640000 0.321964 1.552314
v 0.910000 0.331765 1.503037
v 0.860000 0.321964 1.552314
v 0.590000 0.400000 1.509758
v 0.640000 0.400000 1.560000
v 0.910000 0.400000 1.509758
v 0.860000 0.400000 1.560000
v 0.590000 0.468235 1.503037
v 0.640000 0.478036 1.552314
v 0.910000 0.468235 1.503037
v 0.860000 0.478036 1.552314
v 0.590000 0.533847 1.483134
v 0.640000 0.553073 1.529552
v 0.910000 0.533846 1.483134
v 0.860000 0.553073 1.529552
v 0.590000 0.594315 1.450813
v 0.640000 0.622228 1.492588
v 0.910000 0.594315 1.450813
v 0.860000 0.622228 1.492588
v 0.590000 0.647316 1.407316
v 0.640000 0.682843 1.442843
v 0.910000 0.647316 1.407316
v 0.860000 0.682843 1.442843
v 0.590000 0.690813 1.354315
v 0.640000 0.732588 1.382228
v 0.910000 0.690813 1.354315
v 0.860000 0.732588 1.382228
v 0.590000 0.723134 1.293846
v 0.640000 0.769552 1.313073
v 0.910000 0.723134 1.293846
v 0.860000 0.769552 1.313073
v 0.590000 0.743038 1.228234
v 0.640000 0.792314 1.238036
v 0.910000 0.743038 1.228234
v 0.860000 0.792314 1.238036
v 0.590000 0.749758 1.160000
v 0.640000 0.800000 1.160000
v 0.910000 0.749758 1.160000
v 0.860000 0.800000 1.160000
v 0.590000 0.743038 1.091765
v 0.640000 0.792314 1.081964
v 0.910000 0.743038 1.091765
v 0.860000 0.792314 1.081964
v 0.590000 0.723134 1.026153
v 0.640000 0.769552 1.006927
v 0.910000 0.723134 1.026153
v 0.860000 0.769552 1.006927
v 0.590000 0.690813 0.965685
v 0.640000 0.732588 0.937772
v 0.910000 0.690813 0.965685
v 0.860000 0.732588 0.937772
v 0.590000 0.647316 0.912684
v 0.640000 0.682843 0.877157
v 0.910000 0.647316 0.912684
v 0.860000 0.682843 0.877157
v 0.590000 0.594315 0.869187
v 0.640000 0.622228 0.827412
v 0.910000 0.594315 0.869187
v 0.860000 0.622228 0.827412
v 0.590000 0.533847 0.836866
v 0.640000 0.553073 0.790448
v 0.910000 0.533847 0.836866
v 0.860000 0.553073 0.790448
v 0.590000 0.468234 0.816962
v 0.640000 0.478036 0.767686
v 0.910000 0.468234 0.816962
v 0.860000 0.478036 0.767686
v 0.690000 0.468234 -1.503038
v 0.690000 0.533847 -1.483134
v 0.690000 0.594315 -1.450813
v 0.690000 0.647316 -1.407316
v 0.690000 0.690813 -1.354315
v 0.690000 0.723134 -1.293847
v 0.690000 0.743038 -1.228235
v 0.690000 0.749758 -1.160000
v 0.690000 0.743038 -1.091766
v 0.690000 0.723134 -1.026153
v 0.690000 0.690813 -0.965685
v 0.690000 0.647316 -0.912684
v 0.690000 0.594315 -0.869187
v 0.690000 0.533847 -0.836866
v 0.690000 0.468235 -0.816963
v 0.690000 0.400000 -0.810242
v 0.690000 0.331766 -0.816963
v 0.690000 0.266154 -0.836866
v 0.690000 0.205685 -0.869187
v 0.690000 0.152684 -0.912683
v 0.690000 0.109187 -0.965685
v 0.690000 0.076866 -1.026153
v 0.690000 0.056962 -1.091766
v 0.690000 0.050242 -1.160000
v 0.690000 0.056962 -1.228235
v 0.690000 0.076866 -1.293847
v 0.690000 0.109187 -1.354315
v 0.690000 0.152684 -1.407316
v 0.690000 0.205685 -1.450813
v 0.690000 0.266153 -1.483134
v 0.690000 0.400000 -1.509758
v 0.690000 0.331766 -1.503038
v 0.810000 0.468234 -1.503038
v 0.810000 0.533847 -1.483134
v 0.810000 0.594315 -1.450813
v 0.810000 0.647316 -1.407316
v 0.810000 0.690813 -1.354315
v 0.810000 0.723134 -1.293847
v 0.810000 0.743038 -1.228235
v 0.810000 0.749758 -1.160000
v 0.810000 0.743038 -1.091766
v 0.810000 0.723134 -1.026153
v 0.810000 0.690813 -0.965685
v 0.810000 0.647316 -0.912684
v 0.810000 0.594315 -0.869187
v 0.810000 0.533846 -0.836866
v 0.810000 0.468235 -0.816963
v 0.810000 0.400000 -0.810242
v 0.810000 0.331766 -0.816963
v 0.810000 0.266154 -0.836866
v 0.810000 0.205685 -0.869187
v 0.810000 0.152684 -0.912684
v 0.810000 0.109187 -0.965685
v 0.810000 0.076866 -1.026153
v 0.810000 0.056962 -1.091766
v 0.810000 0.050242 -1.160000
v 0.810000 0.056962 -1.228235
v 0.810000 0.076866 -1.293847
v 0.810000 0.109187 -1.354315
v 0.810000 0.152684 -1.407316
v 0.810000 0.205685 -1.450813
v 0.810000 0.266153 -1.483134
v 0.810000 0.331766 -1.503038
v 0.810000 0.400000 -1.509758
v 0.590000 0.400000 -1.509758
v 0.640000 0.400000 -1.560000
v 0.910000 0.400000 -1.509758
v 0.860000 0.400000 -1.560000
v 0.590000 0.331766 -1.503038
v 0.640000 0.321964 -1.552314
v 0.910000 0.331766 -1.503038
v 0.860000 0.321964 -1.552314
v 0.590000 0.266153 -1.483134
v 0.640000 0.246927 -1.529552
v 0.910000 0.266153 -1.483134
v 0.860000 0.246927 -1.529552
v 0.590000 0.205685 -1.450813
v 0.640000 0.177772 -1.492588
v 0.910000 0.205685 -1.450813
v 0.860000 0.177772 -1.492588
v 0.590000 0.152684 -1.407316
v 0.640000 0.117157 -1.442843
v 0.910000 0.152684 -1.407316
v 0.860000 0.117157 -1.442843
v 0.590000 0.109187 -1.354315
v 0.640000 0.067412 -1.382228
v 0.910000 0.109187 -1.354315
v 0.860000 0.067412 -1.382228
v 0.590000 0.076866 -1.293847
v 0.640000 0.030448 -1.313073
v 0.910000 0.076866 -1.293847
v 0.860000 0.030448 -1.313073
v 0.590000 0.056962 -1.228235
v 0.640000 0.007686 -1.238036
v 0.910000 0.056962 -1.228235
v 0.860000 0.007686 -1.238036
v 0.590000 0.050242 -1.160000
v 0.640000 0.000000 -1.160000
v 0.910000 0.050242 -1.160000
v 0.860000 0.000000 -1.160000
v 0.590000 0.056962 -1.091766
v 0.640000 0.007686 -1.081964
v 0.910000 0.056962 -1.091766
v 0.860000 0.007686 -1.081964
v 0.590000 0.076866 -1.026153
v 0.640000 0.030448 -1.006927
v 0.910000 0.076866 -1.026153
v 0.860000 0.030448 -1.006927
v 0.590000 0.109187 -0.965685
v 0.640000 0.067412 -0.937772
v 0.910000 0.109187 -0.965685
v 0.860000 0.067412 -0.937772
v 0.590000 0.152684 -0.912683
v 0.640000 0.117157 -0.877157
v 0.910000 0.152684 -0.912684
v 0.860000 0.117157 -0.877157
v 0.590000 0.205685 -0.869187
v 0.640000 0.177772 -0.827412
v 0.910000 0.205685 -0.869187
v 0.860000 0.177772 -0.827412
v 0.590000 0.266154 -0.836866
v 0.640000 0.246927 -0.790448
v 0.910000 0.266154 -0.836866
v 0.860000 0.246927 -0.790448
v 0.590000 0.331766 -0.816963
v 0.640000 0.321964 -0.767686
v 0.910000 0.331765 -0.816963
v 0.860000 0.321964 -0.767686
v 0.590000 0.400000 -0.810242
v 0.640000 0.400000 -0.760000
v 0.910000 0.400000 -0.810242
v 0.860000 0.400000 -0.760000
v 0.590000 0.468235 -0.816963
v 0.640000 0.478036 -0.767686
v 0.910000 0.468235 -0.816963
v 0.860000 0.478036 -0.767686
v 0.590000 0.533847 -0.836866
v 0.640000 0.553073 -0.790448
v 0.910000 0.533846 -0.836866
v 0.860000 0.553073 -0.790448
v 0.590000 0.594315 -0.869187
v 0.640000 0.622228 -0.827412
v 0.910000 0.594315 -0.869187
v 0.860000 0.622228 -0.827412
v 0.590000 0.647316 -0.912684
v 0.640000 0.682843 -0.877157
v 0.910000 0.647316 -0.912684
v 0.860000 0.682843 -0.877157
v 0.590000 0.690813 -0.965685
v 0.640000 0.732588 -0.937772
v 0.910000 0.690813 -0.965685
v 0.860000 0.732588 -0.937772
v 0.590000 0.723134 -1.026153
v 0.640000 0.769552 -1.006927
v 0.910000 0.723134 -1.026153
v 0.860000 0.769552 -1.006927
v 0.590000 0.743038 -1.091766
v 0.640000 0.792314 -1.081964
v 0.910000 0.743038 -1.091766
v 0.860000 0.792314 -1.081964
v 0.590000 0.749758 -1.160000
v 0.640000 0.800000 -1.160000
v 0.910000 0.749758 -1.160000
v 0.860000 0.800000 -1.160000
v 0.590000 0.743038 -1.228235
v 0.640000 0.792314 -1.238036
v 0.910000 0.743038 -1.228235
v 0.860000 0.792314 -1.238036
v 0.590000 0.723134 -1.293847
v 0.640000 0.769552 -1.313073
v 0.910000 0.723134 -1.293847
v 0.860000 0.769552 -1.313073
v 0.590000 0.690813 -1.354315
v 0.640000 0.732588 -1.382228
v 0.910000 0.690813 -1.354315
v 0.860000 0.732588 -1.382228
v 0.590000 0.647316 -1.407316
v 0.640000 0.682843 -1.442843
v 0.910000 0.647316 -1.407316
v 0.860000 0.682843 -1.442843
v 0.590000 0.594315 -1.450813
v 0.640000 0.622228 -1.492588
v 0.910000 0.594315 -1.450813
v 0.860000 0.622228 -1.492588
v 0.590000 0.533847 -1.483134
v 0.640000 0.553073 -1.529552
v 0.910000 0.533847 -1.483134
v 0.860000 0.553073 -1.529552
v 0.590000 0.468234 -1.503038
v 0.640000 0.478036 -1.552314
v 0.910000 0.468234 -1.503038
v 0.860000 0.478036 -1.552314
v -0.810000 0.468234 0.816962
v -0.810000 0.533847 0.836866
v -0.810000 0.594315 0.869187
v -0.810000 0.647316 0.912684
v -0.810000 0.690813 0.965685
v -0.810000 0.723134 1.026153
v -0.810000 0.743038 1.091765
v -0.810000 0.749758 1.160000
v -0.810000 0.743038 1.228234
v -0.810000 0.723134 1.293846
v -0.810000 0.690813 1.354315
v -0.810000 0.647316 1.407316
v -0.810000 0.594315 1.450813
v -0.810000 0.533847 1.483134
v -0.810000 0.468235 1.503037
v -0.810000 0.400000 1.509758
v -0.810000 0.331766 1.503037
v -0.810000 0.266154 1.483134
v -0.810000 0.205685 1.450813
v -0.810000 0.152684 1.407316
v -0.810000 0.109187 1.354315
v -0.810000 0.076866 1.293846
v -0.810000 0.056962 1.228234
v -0.810000 0.050242 1.160000
v -0.810000 0.056962 1.091765
v -0.810000 0.076866 1.026153
v -0.810000 0.109187 0.965685
v -0.810000 0.152684 0.912684
v -0.810000 0.205685 0.869187
v -0.810000 0.266153 0.836866
v -0.810000 0.400000 0.810242
v -0.810000 0.331766 0.816962
v -0.690000 0.468234 0.816962
v -0.690000 0.533847 0.836866
v -0.690000 0.594315 0.869187
v -0.690000 0.647316 0.912684
v -0.690000 0.690813 0.965685
v -0.690000 0.723134 1.026153
v -0.690000 0.743038 1.091765
v -0.690000 0.749758 1.160000
v -0.690000 0.743038 1.228234
v -0.690000 0.723134 1.293846
v -0.690000 0.690813 1.354315
v -0.690000 0.647316 1.407316
v -0.690000 0.594315 1.450813
v -0.690000 0.533846 1.483134
v -0.690000 0.468235 1.503037
v -0.690000 0.400000 1.509758
v -0.690000 0.331766 1.503037
v -0.690000 0.266154 1.483134
v -0.690000 0.205685 1.450813
v -0.690000 0.152684 1.407316
v -0.690000 0.109187 1.354315
v -0.690000 0.076866 1.293846
v -0.690000 0.056962 1.228234
v -0.690000 0.050242 1.160000
v -0.690000 0.056962 1.091765
v -0.690000 0.076866 1.026153
v -0.690000 0.109187 0.965685
v -0.690000 0.152684 0.912684
v -0.690000 0.205685 0.869187
v -0.690000 0.266153 0.836866
v -0.690000 0.331766 0.816962
v -0.690000 0.400000 0.810242
v -0.910000 0.400000 0.810242
v -0.860000 0.400000 0.760000
v -0.590000 0.400000 0.810242
v -0.640000 0.400000 0.760000
v -0.910000 0.331766 0.816962
v -0.860000 0.321964 0.767686
v -0.590000 0.331766 0.816962
v -0.640000 0.321964 0.767686
v -0.910000 0.266153 0.836866
v -0.860000 0.246927 0.790448
v -0.590000 0.266153 0.836866
v -0.640000 0.246927 0.790448
v -0.910000 0.205685 0.869187
v -0.860000 0.177772 0.827412
v -0.590000 0.205685 0.869187
v -0.640000 0.177772 0.827412
v -0.910000 0.152684 0.912684
v -0.860000 0.117157 0.877157
v -0.590000 0.152684 0.912684
v -0.640000 0.117157 0.877157
v -0.910000 0.109187 0.965685
v -0.860000 0.067412 0.937772
v -0.590000 0.109187 0.965685
v -0.640000 0.067412 0.937772
v -0.910000 0.076866 1.026153
v -0.860000 0.030448 1.006927
v -0.590000 0.076866 1.026153
v -0.640000 0.030448 1.006927
v -0.910000 0.056962 1.091765
v -0.860000 0.007686 1.081964
v -0.590000 0.056962 1.091765
v -0.640000 0.007686 1.081964
v -0.910000 0.050242 1.160000
v -0.860000 0.000000 1.160000
v -0.590000 0.050242 1.160000
v -0.640000 0.000000 1.160000
v -0.910000 0.056962 1.228234
v -0.860000 0.007686 1.238036
v -0.590000 0.056962 1.228234
v -0.640000 0.007686 1.238036
v -0.910000 0.076866 1.293846
v -0.860000 0.030448 1.313073
v -0.590000 0.076866 1.293846
v -0.640000 0.030448 1.313073
v -0.910000 0.109187 1.354315
v -0.860000 0.067412 1.382228
v -0.590000 0.109187 1.354315
v -0.640000 0.067412 1.382228
v -0.910000 0.152684 1.407316
v -0.860000 0.117157 1.442843
v -0.590000 0.152684 1.407316
v -0.640000 0.117157 1.442843
v -0.910000 0.205685 1.450813
v -0.860000 0.177772 1.492588
v -0.590000 0.205685 1.450813
v -0.640000 0.177772 1.492588
v -0.910000 0.266154 1.483134
v -0.860000 0.246927 1.529552
v -0.590000 0.266154 1.483134
v -0.640000 0.246927 1.529552
v -0.910000 0.331766 1.503037
v -0.860000 0.321964 1.552314
v -0.590000 0.331765 1.503037
v -0.640000 0.321964 1.552314
v -0.910000 0.400000 1.509758
v -0.860000 0.400000 1.560000
v -0.590000 0.400000 1.509758
v -0.640000 0.400000 1.560000
v -0.910000 0.468235 1.503037
v -0.860000 0.478036 1.552314
v -0.590000 0.468235 1.503037
v -0.640000 0.478036 1.552314
v -0.910000 0.533847 1.483134
v -0.860000 0.553073 1.529552
v -0.590000 0.533846 1.483134
v -0.640000 0.553073 1.529552
v -0.910000 0.594315 1.450813
v -0.860000 0.622228 1.492588
v -0.590000 0.594315 1.450813
v -0.640000 0.622228 1.492588
v -0.910000 0.647316 1.407316
v -0.860000 0.682843 1.442843
v -0.590000 0.647316 1.407316
v -0.640000 0.682843 1.442843
v -0.910000 0.690813 1.354315
v -0.860000 0.732588 1.382228
v -0.590000 0.690813 1.354315
v -0.640000 0.732588 1.382228
v -0.910000 0.723134 1.293846
v -0.860000 0.769552 1.313073
v -0.590000 0.723134 1.293846
v -0.640000 0.769552 1.313073
v -0.910000 0.743038 1.228234
v -0.860000 0.792314 1.238036
v -0.590000 0.743038 1.228234
v -0.640000 0.792314 1.238036
v -0.910000 0.749758 1.160000
v -0.860000 0.800000 1.160000
v -0.590000 0.749758 1.160000
v -0.640000 0.800000 1.160000
v -0.910000 0.743038 1.091765
v -0.860000 0.792314 1.081964
v -0.590000 0.743038 1.091765
v -0.640000 0.792314 1.081964
v -0.910000 0.723134 1.026153
v -0.860000 0.769552 1.006927
v -0.590000 0.723134 1.026153
v -0.640000 0.769552 1.006927
v -0.910000 0.690813 0.965685
v -0.860000 0.732588 0.937772
v -0.590000 0.690813 0.965685
v -0.640000 0.732588 0.937772
v -0.910000 0.647316 0.912684
v -0.860000 0.682843 0.877157
v -0.590000 0.647316 0.912684
v -0.640000 0.682843 0.877157
v -0.910000 0.594315 0.869187
v -0.860000 0.622228 0.827412
v -0.590000 0.594315 0.869187
v -0.640000 0.622228 0.827412
v -0.910000 0.533847 0.836866
v -0.860000 0.553073 0.790448
v -0.590000 0.533847 0.836866
v -0.640000 0.553073 0.790448
v -0.910000 0.468234 0.816962
v -0.860000 0.478036 0.767686
v -0.590000 0.468234 0.816962
v -0.640000 0.478036 0.767686
v -0.810000 0.468234 -1.503038
v -0.810000 0.533847 -1.483134
v -0.810000 0.594315 -1.450813
v -0.810000 0.647316 -1.407316
v -0.810000 0.690813 -1.354315
v -0.810000 0.723134 -1.293847
v -0.810000 0.743038 -1.228235
v -0.810000 0.749758 -1.160000
v -0.810000 0.743038 -1.091766
v -0.810000 0.723134 -1.026153
v -0.810000 0.690813 -0.965685
v -0.810000 0.647316 -0.912684
v -0.810000 0.594315 -0.869187
v -0.810000 0.533847 -0.836866
v -0.810000 0.468235 -0.816963
v -0.810000 0.400000 -0.810242
v -0.810000 0.331766 -0.816963
v -0.810000 0.266154 -0.836866
v -0.810000 0.205685 -0.869187
v -0.810000 0.152684 -0.912683
v -0.810000 0.109187 -0.965685
v -0.810000 0.076866 -1.026153
v -0.810000 0.056962 -1.091766
v -0.810000 0.050242 -1.160000
v -0.810000 0.056962 -1.228235
v -0.810000 0.076866 -1.293847
v -0.810000 0.109187 -1.354315
v -0.810000 0.152684 -1.407316
v -0.810000 0.205685 -1.450813
v -0.810000 0.266153 -1.483134
v -0.810000 0.400000 -1.509758
v -0.810000 0.331766 -1.503038
v -0.690000 0.468234 -1.503038
v -0.690000 0.533847 -1.483134
v -0.690000 0.594315 -1.450813
v -0.690000 0.647316 -1.407316
v -0.690000 0.690813 -1.354315
v -0.690000 0.723134 -1.293847
v -0.690000 0.743038 -1.228235
v -0.690000 0.749758 -1.160000
v -0.690000 0.743038 -1.091766
v -0.690000 0.723134 -1.026153
v -0.690000 0.690813 -0.965685
v -0.690000 0.647316 -0.912684
v -0.690000 0.594315 -0.869187
v -0.690000 0.533846 -0.836866
v -0.690000 0.468235 -0.816963
v -0.690000 0.400000 -0.810242
v -0.690000 0.331766 -0.816963
v -0.690000 0.266154 -0.836866
v -0.690000 0.205685 -0.869187
v -0.690000 0.152684 -0.912684
v -0.690000 0.109187 -0.965685
v -0.690000 0.076866 -1.026153
v -0.690000 0.056962 -1.091766
v -0.690000 0.050242 -1.160000
v -0.690000 0.056962 -1.228235
v -0.690000 0.076866 -1.293847
v -0.690000 0.109187 -1.354315
v -0.690000 0.152684 -1.407316
v -0.690000 0.205685 -1.450813
v -0.690000 0.266153 -1.483134
v -0.690000 0.331766 -1.503038
v -0.690000 0.400000 -1.509758
v -0.910000 0.400000 -1.509758
v -0.860000 0.400000 -1.560000
v -0.590000 0.400000 -1.509758
v -0.640000 0.400000 -1.560000
v -0.910000 0.331766 -1.503038
v -0.860000 0.321964 -1.552314
v -0.590000 0.331766 -1.503038
v -0.640000 0.321964 -1.552314
v -0.910000 0.266153 -1.483134
v -0.860000 0.246927 -1.529552
v -0.590000 0.266153 -1.483134
v -0.640000 0.246927 -1.529552
v -0.910000 0.205685 -1.450813
v -0.860000 0.177772 -1.492588
v -0.590000 0.205685 -1.450813
v -0.640000 0.177772 -1.492588
v -0.910000 0.152684 -1.407316
v -0.860000 0.117157 -1.442843
v -0.590000 0.152684 -1.407316
v -0.640000 0.117157 -1.442843
v -0.910000 0.109187 -1.354315
v -0.860000 0.067412 -1.382228
v -0.590000 0.109187 -1.354315
v -0.640000 0.067412 -1.382228
v -0.910000 0.076866 -1.293847
v -0.860000 0.030448 -1.313073
v -0.590000 0.076866 -1.293847
v -0.640000 0.030448 -1.313073
v -0.910000 0.056962 -1.228235
v -0.860000 0.007686 -1.238036
v -0.590000 0.056962 -1.228235
v -0.640000 0.007686 -1.238036
v -0.910000 0.050242 -1.160000
v -0.860000 0.000000 -1.160000
v -0.590000 0.050242 -1.160000
v -0.640000 0.000000 -1.160000
v -0.910000 0.056962 -1.091766
v -0.860000 0.007686 -1.081964
v -0.590000 0.056962 -1.091766
v -0.640000 0.007686 -1.081964
v -0.910000 0.076866 -1.026153
v -0.860000 0.030448 -1.006927
v -0.590000 0.076866 -1.026153
v -0.640000 0.030448 -1.006927
v -0.910000 0.109187 -0.965685
v -0.860000 0.067412 -0.937772
v -0.590000 0.109187 -0.965685
v -0.640000 0.067412 -0.937772
v -0.910000 0.152684 -0.912683
v -0.860000 0.117157 -0.877157
v -0.590000 0.152684 -0.912684
v -0.640000 0.117157 -0.877157
v -0.910000 0.205685 -0.869187
v -0.860000 0.177772 -0.827412
v -0.590000 0.205685 -0.869187
v -0.640000 0.177772 -0.827412
v -0.910000 0.266154 -0.836866
v -0.860000 0.246927 -0.790448
v -0.590000 0.266154 -0.836866
v -0.640000 0.246927 -0.790448
v -0.910000 0.331766 -0.816963
v -0.860000 0.321964 -0.767686
v -0.590000 0.331765 -0.816963
v -0.640000 0.321964 -0.767686
v -0.910000 0.400000 -0.810242
v -0.860000 0.400000 -0.760000
v -0.590000 0.400000 -0.810242
v -0.640000 0.400000 -0.760000
v -0.910000 0.468235 -0.816963
v -0.860000 0.478036 -0.767686
v -0.590000 0.468235 -0.816963
v -0.640000 0.478036 -0.767686
v -0.910000 0.533847 -0.836866
v -0.860000 0.553073 -0.790448
v -0.590000 0.533846 -0.836866
v -0.640000 0.553073 -0.790448
v -0.910000 0.594315 -0.869187
v -0.860000 0.622228 -0.827412
v -0.590000 0.594315 -0.869187
v -0.640000 0.622228 -0.827412
v -0.910000 0.647316 -0.912684
v -0.860000 0.682843 -0.877157
v -0.590000 0.647316 -0.912684
v -0.640000 0.682843 -0.877157
v -0.910000 0.690813 -0.965685
v -0.860000 0.732588 -0.937772
v -0.590000 0.690813 -0.965685
v -0.640000 0.732588 -0.937772
v -0.910000 0.723134 -1.026153
v -0.860000 0.769552 -1.006927
v -0.590000 0.723134 -1.026153
v -0.640000 0.769552 -1.006927
v -0.910000 0.743038 -1.091766
v -0.860000 0.792314 -1.081964
v -0.590000 0.743038 -1.091766
v -0.640000 0.792314 -1.081964
v -0.910000 0.749758 -1.160000
v -0.860000 0.800000 -1.160000
v -0.590000 0.749758 -1.160000
v -0.640000 0.800000 -1.160000
v -0.910000 0.743038 -1.228235
v -0.860000 0.792314 -1.238036
v -0.590000 0.743038 -1.228235
v -0.640000 0.792314 -1.238036
v -0.910000 0.723134 -1.293847
v -0.860000 0.769552 -1.313073
v -0.590000 0.723134 -1.293847
v -0.640000 0.769552 -1.313073
v -0.910000 0.690813 -1.354315
v -0.860000 0.732588 -1.382228
v -0.590000 0.690813 -1.354315
v -0.640000 0.732588 -1.382228
v -0.910000 0.647316 -1.407316
v -0.860000 0.682843 -1.442843
v -0.590000 0.647316 -1.407316
v -0.640000 0.682843 -1.442843
v -0.910000 0.594315 -1.450813
v -0.860000 0.622228 -1.492588
v -0.590000 0.594315 -1.450813
v -0.640000 0.622228 -1.492588
v -0.910000 0.533847 -1.483134
v -0.860000 0.553073 -1.529552
v -0.590000 0.533847 -1.483134
v -0.640000 0.553073 -1.529552
v -0.910000 0.468234 -1.503038
v -0.860000 0.478036 -1.552314
v -0.590000 0.468234 -1.503038
v -0.640000 0.478036 -1.552314
v -1.000000 0.722500 2.300000
v -0.650000 0.977500 -2.500000
v 0.650000 0.977500 -2.500000
v 1.000000 0.722500 2.300000
v 1.000000 0.977500 -1.900000
v 1.000000 1.105000 -0.900000
v 1.000000 0.990250 0.900000
v 1.000000 0.722500 1.900000
v -1.000000 0.722500 1.900000
v -1.000000 0.990250 0.900000
v -1.000000 1.105000 -0.900000
v -1.000000 0.977500 -1.900000
v -1.000000 0.977500 0.566667
v -1.000000 0.977500 -0.566667
v 1.000000 0.977500 -0.566667
v 1.000000 0.977500 0.566667
v -1.000000 1.117750 -1.400000
v 1.000000 1.117750 -1.400000
v -1.000000 0.862750 1.400000
v 1.000000 0.862750 1.400000
v -1.000000 0.340000 0.000000
v -0.750000 1.615000 0.000000
v 1.000000 0.340000 0.000000
v 0.750000 1.615000 0.000000
v 1.000000 0.977500 0.000000
v -1.000000 0.977500 0.000000
v 0.750000 1.535950 0.596667
v 0.750000 1.535950 0.863333
v 0.750000 1.535950 0.143333
v 1.000000 1.127950 1.263333
v 1.000000 1.036150 0.863333
v 1.000000 1.025950 0.596667
v 1.000000 0.934150 1.263333
v 1.000000 1.025950 0.143333
v -1.000000 1.127950 1.263333
v -0.750000 1.535950 0.863333
v -0.750000 1.535950 0.596667
v -1.000000 1.036150 0.863333
v -1.000000 1.025950 0.596667
v -1.000000 0.934150 1.263333
v -0.750000 1.535950 0.143333
v -1.000000 1.025950 0.143333
v -0.900000 1.127950 1.263333
v -0.675000 1.535950 0.863333
v -0.675000 1.535950 0.596667
v -0.900000 1.036150 0.863333
v -0.900000 1.025950 0.596667
v -0.900000 0.934150 1.263333
v -0.675000 1.535950 0.143333
v -0.900000 1.025950 0.143333
v 0.675000 1.535950 0.596667
v 0.675000 1.535950 0.863333
v 0.675000 1.535950 0.143333
v 0.900000 1.127950 1.263333
v 0.900000 1.036150 0.863333
v 0.900000 1.025950 0.596667
v 0.900000 0.934150 1.263333
v 0.900000 1.025950 0.143333
v -0.900000 1.130500 1.375000
v -0.675000 1.589500 0.925000
v 0.675000 1.589500 0.925000
v 0.900000 1.130500 1.375000
v -0.675000 1.076084 1.298178
v -0.675000 1.535084 0.848178
v 0.675000 1.535084 0.848178
v 0.675000 1.076084 1.298178
v -0.750000 1.615000 -0.283333
v 1.000000 0.340000 -0.283333
v -1.000000 0.977500 -0.283333
v -1.000000 0.340000 -0.283333
v 0.750000 1.615000 -0.283333
v 1.000000 0.977500 -0.283333
v -0.750000 1.557944 -0.608958
v -0.750000 1.557944 -0.908958
v -0.750000 1.557944 -1.358958
v -0.750000 1.430444 -1.808958
v -0.750000 1.557944 -0.353958
v -0.950000 1.149944 -0.908958
v -1.000000 1.047944 -1.808958
v -1.000000 1.047944 -0.608958
v -0.950000 1.160144 -1.358958
v -1.000000 1.047944 -0.353958
v 0.750000 1.557944 -1.358958
v 0.750000 1.557944 -0.908958
v 0.750000 1.557944 -0.608958
v 0.750000 1.430444 -1.808958
v 1.000000 1.047944 -1.808958
v 0.950000 1.149944 -0.908958
v 1.000000 1.047944 -0.608958
v 0.950000 1.160144 -1.358958
v 0.750000 1.557944 -0.353958
v 1.000000 1.047944 -0.353958
v 0.675000 1.557944 -1.358958
v 0.675000 1.557944 -0.908958
v 0.675000 1.557944 -0.608958
v 0.675000 1.430444 -1.808958
v 0.900000 1.047944 -1.808958
v 0.900000 1.149944 -0.908958
v 0.900000 1.047944 -0.608958
v 0.900000 1.160144 -1.358958
v 0.675000 1.557944 -0.353958
v 0.900000 1.047944 -0.353958
v -0.675000 1.557944 -0.608958
v -0.675000 1.557944 -0.908958
v -0.675000 1.557944 -1.358958
v -0.675000 1.430444 -1.808958
v -0.675000 1.557944 -0.353958
v -0.900000 1.149944 -0.908958
v -0.900000 1.047944 -1.808958
v -0.900000 1.047944 -0.608958
v -0.900000 1.160144 -1.358958
v -0.900000 1.047944 -0.353958
v -0.472500 1.455625 -2.350000
v 0.472500 1.455625 -2.350000
v -0.585000 1.009375 -2.500000
v 0.585000 1.009375 -2.500000
v -0.472500 1.455625 -2.250000
v 0.472500 1.455625 -2.250000
v -0.585000 1.009375 -2.400000
v 0.585000 1.009375 -2.400000
v 0.333333 0.340000 -2.500000
v -0.333333 0.340000 -2.500000
v -0.250000 1.487500 -2.350000
v 0.250000 1.487500 -2.350000
v -0.333333 0.340000 2.500000
v 0.333333 0.340000 2.500000
v 0.333333 0.977500 2.500000
v -0.333333 0.977500 2.500000
v -0.333333 1.487500 -1.900000
v 0.333333 1.487500 -1.900000
v -0.333333 1.615000 -0.900000
v 0.333333 1.615000 -0.900000
v -0.250000 1.615000 0.900000
v 0.250000 1.615000 0.900000
v -0.333333 1.105000 1.900000
v 0.333333 1.105000 1.900000
v 0.333333 0.340000 -1.550000
v -0.333333 0.340000 -1.550000
v 0.333333 0.595000 -0.900000
v -0.333333 0.595000 -0.900000
v 0.333333 0.595000 0.900000
v -0.333333 0.595000 0.900000
v 0.333333 0.340000 1.550000
v -0.333333 0.340000 1.550000
v 0.333333 0.340000 -0.766667
v -0.333333 0.340000 -0.766667
v 0.333333 0.340000 0.766667
v -0.333333 0.340000 0.766667
v -0.333333 1.615000 -0.566667
v 0.333333 1.615000 -0.566667
v -0.333333 1.615000 0.566667
v 0.333333 1.615000 0.566667
v 0.333333 0.599250 -1.400000
v -0.333333 0.599250 -1.400000
v -0.333333 1.615000 -1.400000
v 0.333333 1.615000 -1.400000
v 0.333333 0.599250 1.400000
v -0.333333 0.599250 1.400000
v -0.333333 1.105000 1.400000
v 0.333333 1.105000 1.400000
v 0.333333 0.722500 2.500000
v -0.333333 0.722500 2.500000
v -0.333333 0.977500 -2.500000
v 0.333333 0.977500 -2.500000
v -0.333333 1.615000 0.000000
v 0.333333 1.615000 0.000000
v 0.333333 0.340000 0.000000
v -0.333333 0.340000 0.000000
v -0.225000 1.589500 0.925000
v 0.225000 1.589500 0.925000
v -0.300000 1.130500 1.375000
v 0.300000 1.130500 1.375000
v -0.225000 1.535084 0.848178
v 0.225000 1.535084 0.848178
v -0.300000 1.076084 1.298178
v 0.300000 1.076084 1.298178
v 0.333333 0.340000 -0.283333
v -0.333333 0.340000 -0.283333
v -0.333333 1.615000 -0.283333
v 0.333333 1.615000 -0.283333
v -0.300000 1.455625 -2.350000
v 0.300000 1.455625 -2.350000
v -0.300000 1.009375 -2.500000
v 0.300000 1.009375 -2.500000
v -0.225000 1.455625 -2.250000
v 0.225000 1.455625 -2.250000
v -0.300000 1.009375 -2.400000
v 0.300000 1.009375 -2.400000
v -1.100000 1.105000 1.400000
v -1.100000 1.000025 1.400000
v -1.100000 1.163085 1.313333
v -1.100000 0.958430 1.313333
v -1.300000 1.105000 1.370000
v -1.300000 1.000025 1.370000
v -1.300000 1.163085 1.283333
v -1.300000 0.958430 1.283333
v 1.100000 1.105000 1.400000
v 1.100000 1.000025 1.400000
v 1.100000 1.163085 1.313333
v 1.100000 0.958430 1.313333
v 1.300000 1.105000 1.370000
v 1.300000 1.000025 1.370000
v 1.300000 1.163085 1.283333
v 1.300000 0.958430 1.283333
v -1.120000 1.146019 1.307333
v -1.120000 0.979746 1.307333
v -1.280000 1.146019 1.259333
v -1.280000 0.979746 1.259333
v 1.120000 1.146020 1.307333
v 1.120000 0.979746 1.307333
v 1.280000 1.146020 1.259333
v 1.280000 0.979746 1.259333
v -1.120000 1.146019 1.337333
v -1.120000 0.979746 1.337333
v -1.280000 1.146019 1.289333
v -1.280000 0.979746 1.289333
v 1.120000 1.146020 1.337333
v 1.120000 0.979746 1.337333
v 1.280000 1.146020 1.289333
v 1.280000 0.979746 1.289333
vn -0.7954 0.3899 -0.4640
vn -0.1536 0.3133 -0.9371
vn 1.0000 -0.0000 -0.0000
vn -0.2873 -0.0000 0.9578
vn -0.0000 -1.0000 -0.0000
vn -0.0622 0.9763 0.2075
vn -0.0000 1.0000 -0.0000
vn -0.0000 -1.0000 -0.0085
vn -0.0000 -0.4634 0.8862
vn -0.0000 -0.5008 -0.8656
vn 0.7954 0.3899 -0.4640
vn 0.8881 0.4354 -0.1472
vn -1.0000 -0.0000 -0.0000
vn -0.9127 0.3579 0.1974
vn -0.6466 0.7486 0.1468
vn 0.8460 0.4147 -0.3350
vn 0.7778 -0.5666 0.2719
vn -0.0000 -0.4634 -0.8862
vn 0.5722 0.8084 -0.1380
vn -0.0000 -0.5008 0.8656
vn -0.0000 0.9690 -0.2471
vn -0.0000 -1.0000 0.0085
vn -0.0000 0.7001 0.7141
vn -0.0000 0.6344 0.7730
vn -0.0000 -0.9952 -0.0980
vn -0.0000 0.2903 -0.9569
vn -0.0000 0.8819 0.4714
vn -0.0000 -0.9569 0.2903
vn -0.0000 -0.0980 -0.9952
vn -0.0000 0.9952 0.0980
vn -0.0000 -0.7730 0.6344
vn -0.0000 -0.4714 -0.8819
vn -0.0000 0.9569 -0.2903
vn -0.0000 0.0980 0.9952
vn -0.0000 -0.4714 0.8819
vn -0.0000 -0.7730 -0.6344
vn -0.0000 0.7730 -0.6344
vn -0.0000 0.4714 0.8819
vn -0.0000 -0.9569 -0.2903
vn -0.0000 0.4714 -0.8819
vn -0.0000 0.7730 0.6344
vn -0.0000 -0.9952 0.0980
vn -0.0000 -0.0980 0.9952
vn -0.0000 0.0980 -0.9952
vn -0.0000 -0.8819 0.4714
vn -0.0000 -0.2903 -0.9569
vn -0.0000 0.9952 -0.0980
vn -0.0000 -0.6344 0.7730
vn -0.0000 -0.6344 -0.7730
vn -0.0000 0.8819 -0.4714
vn -0.0000 0.2903 0.9569
vn -0.0000 -0.2903 0.9569
vn -0.0000 -0.8819 -0.4714
vn -0.0000 0.6344 -0.7730
vn -0.7071 -0.0693 -0.7037
vn 0.7071 -0.0693 -0.7037
vn -0.7071 -0.2053 -0.6767
vn 0.7071 -0.2053 -0.6767
vn -0.7071 -0.3333 -0.6236
vn 0.7071 -0.3333 -0.6236
vn -0.7071 -0.4486 -0.5466
vn 0.7071 -0.4486 -0.5466
vn -0.7071 -0.5466 -0.4486
vn 0.7071 -0.5466 -0.4486
vn -0.7071 -0.6236 -0.3333
vn 0.7071 -0.6236 -0.3333
vn -0.7071 -0.6767 -0.2053
vn 0.7071 -0.6767 -0.2053
vn -0.7071 -0.7037 -0.0693
vn 0.7071 -0.7037 -0.0693
vn -0.7071 -0.7037 0.0693
vn 0.7071 -0.7037 0.0693
vn -0.7071 -0.6767 0.2053
vn 0.7071 -0.6767 0.2053
vn -0.7071 -0.6236 0.3333
vn 0.7071 -0.6236 0.3333
vn -0.7071 -0.5466 0.4486
vn 0.7071 -0.5466 0.4486
vn -0.7071 -0.4486 0.5466
vn 0.7071 -0.4486 0.5466
vn -0.7071 -0.3333 0.6236
vn 0.7071 -0.3333 0.6236
vn -0.7071 -0.2053 0.6767
vn 0.7071 -0.2053 0.6767
vn -0.7071 -0.0693 0.7037
vn 0.7071 -0.0693 0.7037
vn -0.7071 0.0693 0.7037
vn 0.7071 0.0693 0.7037
vn -0.7071 0.2053 0.6767
vn 0.7071 0.2053 0.6767
vn -0.7071 0.3333 0.6236
vn 0.7071 0.3333 0.6236
vn -0.7071 0.4486 0.5466
vn 0.7071 0.4486 0.5466
vn -0.7071 0.5466 0.4486
vn 0.7071 0.5466 0.4486
vn -0.7071 0.6236 0.3333
vn 0.7071 0.6236 0.3333
vn -0.7071 0.6767 0.2053
vn 0.7071 0.6767 0.2053
vn -0.7071 0.7037 0.0693
vn 0.7071 0.7037 0.0693
vn -0.7071 0.7037 -0.0693
vn 0.7071 0.7037 -0.0693
vn -0.7071 0.6767 -0.2053
vn 0.7071 0.6767 -0.2053
vn -0.7071 0.6236 -0.3333
vn 0.7071 0.6236 -0.3333
vn -0.7071 0.5466 -0.4486
vn 0.7071 0.5466 -0.4486
vn -0.7071 0.4486 -0.5466
vn 0.7071 0.4486 -0.5466
vn -0.7071 0.3333 -0.6236
vn 0.7071 0.3333 -0.6236
vn -0.7071 0.2053 -0.6767
vn 0.7071 0.2053 -0.6767
vn -0.7071 0.0693 -0.7037
vn 0.7071 0.0693 -0.7037
vn -0.0000 0.9569 0.2903
vn 0.9219 -0.1865 -0.3396
vn -0.0000 -0.0000 -1.0000
vn -0.9219 -0.1865 -0.3396
vn 0.9310 0.3651 -0.0000
vn -0.0000 -0.0000 1.0000
vn -0.0000 -0.7001 -0.7141
vn 0.9058 0.1783 -0.3843
vn -0.0000 0.9690 0.2471
vn -0.8594 0.5043 0.0847
vn -0.9148 0.4036 -0.0154
vn -0.9149 0.4036 -0.0000
vn -0.0000 0.9993 -0.0382
vn 0.9148 0.4036 -0.0154
vn 0.9149 0.4036 -0.0000
vn -0.3860 0.5424 0.7462
vn -0.0000 0.8160 -0.5780
vn -0.0000 -0.8160 0.5780
vn -0.9310 0.3651 -0.0000
vn -0.0000 0.9997 0.0227
vn -0.0000 -0.9621 0.2726
vn -0.0000 0.9468 0.3219
vn -0.6557 0.7548 0.0192
vn -0.8748 0.3431 0.3422
vn -0.7918 0.5175 0.3243
vn 0.6667 0.7451 0.0169
vn 0.8500 0.4167 -0.3224
vn 0.8756 0.4829 0.0109
vn 0.9064 0.3999 0.1360
vn 0.8551 0.5030 -0.1254
vn -0.0000 0.9703 -0.2419
vn -0.9064 0.3999 0.1360
vn -0.8551 0.5030 -0.1254
vn -0.8756 0.4829 0.0109
vn -0.9697 -0.2445 -0.0000
vn -0.1675 0.2759 -0.9465
vn -0.0000 0.3186 -0.9479
vn 0.9697 -0.2445 -0.0000
vn 0.2873 -0.0000 0.9578
vn -0.0000 0.9528 0.3037
vn -0.0000 0.9782 0.2079
vn -0.0648 -0.8997 0.4318
vn -0.0000 0.8307 0.5567
vn -0.4079 -0.8093 -0.4228
vn -0.4472 -0.0000 -0.8944
vn -0.1483 -0.0000 0.9889
vn -0.0832 0.8278 0.5548
vn 0.1469 -0.1379 -0.9795
vn -0.1712 -0.8031 -0.5707
vn -0.3945 0.9062 0.1522
vn 0.4472 -0.0000 -0.8944
vn 0.0648 -0.8997 0.4318
vn 0.1483 -0.0000 0.9889
vn 0.0832 0.8278 0.5548
vn -0.7682 -0.0000 -0.6402
vn 0.2874 -0.0000 -0.9578
vn 0.1467 0.8598 -0.4891
vn 0.7682 -0.0000 -0.6402
vn -0.2874 -0.0000 -0.9578
vn -0.1462 0.1713 -0.9743
vn 0.2873 -0.0000 -0.9578
vn -0.2873 -0.0000 -0.9578
vn -0.8440 0.3310 -0.4220
vn 0.1675 0.2759 -0.9465
vn 0.8440 0.3310 -0.4220
vn 0.9127 0.3579 0.1974
vn -0.8881 0.4354 -0.1472
vn 0.8748 0.3431 0.3422
vn 0.4079 -0.8093 -0.4228
vn 0.8638 -0.0000 -0.5039
vn -0.8638 -0.0000 -0.5039
vn 0.8594 0.5043 0.0847
vn -0.9058 0.1783 -0.3843
vn -0.9078 0.4087 -0.0938
vn -0.9119 0.4105 -0.0000
vn 0.9119 0.4105 -0.0000
vn 0.9078 0.4087 -0.0938
vn 0.3860 0.5424 0.7462
vn 0.6466 0.7486 0.1468
vn -0.6667 0.7451 0.0169
vn -0.8460 0.4147 -0.3350
vn -0.8500 0.4167 -0.3224
vn -0.5722 0.8084 -0.1380
vn 0.6557 0.7548 0.0192
vn 0.7918 0.5175 0.3243
vn 0.8704 0.4923 -0.0000
vn 0.8757 0.4829 -0.0000
vn 0.8621 0.4876 -0.1382
vn -0.8757 0.4829 -0.0000
vn -0.8621 0.4876 -0.1382
vn -0.8704 0.4923 -0.0000
vn 0.1536 0.3133 -0.9371
vn 0.0622 0.9763 0.2075
vn 0.3945 0.9062 0.1522
vn -0.7778 -0.5666 0.2719
vn 0.1712 -0.8031 -0.5707
vn -0.1469 -0.1379 -0.9795
vn 0.1462 0.1713 -0.9743
vn -0.1467 0.8598 -0.4891
vt 0.880000 0.660000
vt 1.000000 0.540000
vt 0.880000 0.540000
vt 0.395000 0.660000
vt 0.383000 0.547500
vt 0.370000 0.540000
vt 0.120000 0.480000
vt 0.040000 0.540000
vt 0.040000 0.480000
vt 0.433333 0.540000
vt 0.300000 0.480000
vt 0.433333 0.480000
vt 0.566667 0.190000
vt 0.700000 0.040000
vt 0.566667 0.000000
vt 0.433333 0.120000
vt 0.300000 0.040000
vt 0.433333 0.000000
vt 0.395000 0.970000
vt 0.433333 0.880000
vt 0.450000 0.970000
vt 0.350000 0.780000
vt 0.433333 0.680000
vt 0.433333 0.780000
vt 0.433333 0.386667
vt 0.350000 0.320000
vt 0.450000 0.320000
vt 0.300000 0.220000
vt 0.433333 0.220000
vt 0.630000 1.000000
vt 0.566667 0.810000
vt 0.566667 1.000000
vt 0.700000 0.780000
vt 0.566667 0.680000
vt 0.566667 0.780000
vt 0.700000 0.390000
vt 0.566667 0.450000
vt 0.566667 0.390000
vt 0.700000 0.451000
vt 0.566667 0.451000
vt 0.680000 0.690000
vt 0.771792 0.676575
vt 0.780000 0.690000
vt 0.500000 0.540000
vt 0.471333 0.671400
vt 0.471333 0.551400
vt 0.220000 0.513000
vt 0.120000 0.570000
vt 0.500000 0.690000
vt 0.613333 0.540000
vt 0.570792 0.556575
vt 0.621792 0.556575
vt 0.680000 0.570000
vt 0.681792 0.580575
vt 0.320000 0.543000
vt 0.247333 0.529800
vt 0.327333 0.553800
vt 0.681792 0.676575
vt 0.556667 0.690000
vt 0.570792 0.676575
vt 0.700000 0.220000
vt 0.720000 0.237333
vt 0.720000 0.220000
vt 0.700000 0.450000
vt 0.700000 0.500000
vt 0.566667 0.346667
vt 0.566667 0.500000
vt 0.350000 0.680000
vt 0.433333 0.613333
vt 0.350000 0.500000
vt 0.433333 0.500000
vt 0.613333 0.690000
vt 0.780000 0.573000
vt 0.861792 0.556575
vt 0.771792 0.582975
vt 0.386667 0.690000
vt 0.700000 0.320000
vt 0.566667 0.220000
vt 0.566667 0.320000
vt 0.566667 0.570000
vt 0.680000 0.576000
vt 0.560000 0.576000
vt 0.682000 0.351137
vt 0.662000 0.340537
vt 0.682000 0.340537
vt 0.682000 0.254353
vt 0.662000 0.268000
vt 0.682000 0.268000
vt 0.682000 0.376353
vt 0.662000 0.363231
vt 0.662000 0.376353
vt 0.682000 0.306863
vt 0.662000 0.294769
vt 0.682000 0.294769
vt 0.682000 0.281647
vt 0.682000 0.403647
vt 0.662000 0.390000
vt 0.662000 0.403647
vt 0.682000 0.268000
vt 0.662000 0.281647
vt 0.662000 0.268000
vt 0.682000 0.317463
vt 0.662000 0.306863
vt 0.662000 0.317463
vt 0.682000 0.428863
vt 0.662000 0.416769
vt 0.662000 0.428863
vt 0.682000 0.241231
vt 0.662000 0.254353
vt 0.662000 0.241231
vt 0.682000 0.376353
vt 0.662000 0.376353
vt 0.682000 0.428863
vt 0.662000 0.416769
vt 0.682000 0.416769
vt 0.682000 0.218537
vt 0.662000 0.229137
vt 0.682000 0.229137
vt 0.682000 0.229137
vt 0.662000 0.218537
vt 0.682000 0.218537
vt 0.662000 0.363231
vt 0.662000 0.351137
vt 0.682000 0.351137
vt 0.682000 0.363231
vt 0.682000 0.403647
vt 0.682000 0.390000
vt 0.203373 0.416769
vt 0.241231 0.325373
vt 0.332627 0.363231
vt 0.618000 0.218537
vt 0.638000 0.229137
vt 0.618000 0.229137
vt 0.199393 0.376353
vt 0.254353 0.458607
vt 0.336608 0.403647
vt 0.682000 0.306863
vt 0.682000 0.416769
vt 0.682000 0.254353
vt 0.682000 0.439463
vt 0.662000 0.428863
vt 0.682000 0.439463
vt 0.662000 0.439463
vt 0.662000 0.229137
vt 0.682000 0.363231
vt 0.662000 0.403647
vt 0.682000 0.340537
vt 0.662000 0.351137
vt 0.348000 0.390000
vt 0.336608 0.376353
vt 0.337952 0.390000
vt 0.346463 0.374393
vt 0.341910 0.359385
vt 0.334518 0.345554
vt 0.326163 0.351137
vt 0.324569 0.333431
vt 0.317463 0.340537
vt 0.306863 0.331837
vt 0.312446 0.323482
vt 0.294769 0.325373
vt 0.298615 0.316090
vt 0.281647 0.321392
vt 0.283607 0.311537
vt 0.268000 0.320048
vt 0.268000 0.310000
vt 0.254353 0.321392
vt 0.252393 0.311537
vt 0.237385 0.316090
vt 0.223554 0.323482
vt 0.229137 0.331837
vt 0.218537 0.340537
vt 0.229137 0.331837
vt 0.218537 0.340537
vt 0.211431 0.333431
vt 0.201482 0.345554
vt 0.209837 0.351137
vt 0.203373 0.363231
vt 0.194090 0.359385
vt 0.189537 0.374393
vt 0.198048 0.390000
vt 0.188000 0.390000
vt 0.189537 0.405607
vt 0.199393 0.403647
vt 0.194090 0.420615
vt 0.201482 0.434446
vt 0.209837 0.428863
vt 0.211431 0.446569
vt 0.218537 0.439463
vt 0.223554 0.456518
vt 0.218537 0.439463
vt 0.229137 0.448163
vt 0.241231 0.454627
vt 0.229137 0.448163
vt 0.237385 0.463910
vt 0.252393 0.468463
vt 0.268000 0.459952
vt 0.268000 0.470000
vt 0.283607 0.468463
vt 0.281647 0.458607
vt 0.294769 0.454627
vt 0.298615 0.463910
vt 0.312446 0.456518
vt 0.306863 0.448163
vt 0.324569 0.446569
vt 0.317463 0.439463
vt 0.326163 0.428863
vt 0.334518 0.434446
vt 0.326163 0.428863
vt 0.332627 0.416769
vt 0.341910 0.420615
vt 0.346463 0.405607
vt 0.618000 0.363231
vt 0.638000 0.351137
vt 0.638000 0.363231
vt 0.672000 0.390000
vt 0.628000 0.374393
vt 0.628000 0.390000
vt 0.672000 0.405607
vt 0.628000 0.405607
vt 0.682000 0.281647
vt 0.672000 0.374393
vt 0.628000 0.359385
vt 0.672000 0.359385
vt 0.628000 0.345554
vt 0.672000 0.345554
vt 0.628000 0.333431
vt 0.672000 0.324569
vt 0.628000 0.312446
vt 0.628000 0.324569
vt 0.672000 0.312446
vt 0.628000 0.298615
vt 0.672000 0.298615
vt 0.628000 0.283607
vt 0.672000 0.283607
vt 0.628000 0.268000
vt 0.672000 0.268000
vt 0.628000 0.252393
vt 0.672000 0.252393
vt 0.628000 0.237385
vt 0.672000 0.237385
vt 0.628000 0.223554
vt 0.672000 0.223554
vt 0.628000 0.211431
vt 0.672000 0.333431
vt 0.628000 0.420615
vt 0.672000 0.420615
vt 0.628000 0.434446
vt 0.672000 0.434446
vt 0.628000 0.446569
vt 0.672000 0.211431
vt 0.672000 0.446569
vt 0.618000 0.376353
vt 0.638000 0.390000
vt 0.618000 0.390000
vt 0.618000 0.229137
vt 0.638000 0.218537
vt 0.618000 0.218537
vt 0.618000 0.428863
vt 0.638000 0.416769
vt 0.638000 0.428863
vt 0.618000 0.241231
vt 0.638000 0.254353
vt 0.618000 0.254353
vt 0.618000 0.428863
vt 0.638000 0.416769
vt 0.618000 0.416769
vt 0.618000 0.317463
vt 0.638000 0.306863
vt 0.618000 0.306863
vt 0.618000 0.281647
vt 0.638000 0.268000
vt 0.638000 0.281647
vt 0.618000 0.403647
vt 0.618000 0.294769
vt 0.618000 0.281647
vt 0.618000 0.306863
vt 0.618000 0.376353
vt 0.638000 0.363231
vt 0.618000 0.363231
vt 0.618000 0.268000
vt 0.618000 0.254353
vt 0.618000 0.340537
vt 0.618000 0.351137
vt 0.618000 0.340537
vt 0.638000 0.351137
vt 0.638000 0.340537
vt 0.638000 0.229137
vt 0.618000 0.403647
vt 0.618000 0.416769
vt 0.638000 0.376353
vt 0.638000 0.241231
vt 0.618000 0.439463
vt 0.638000 0.428863
vt 0.638000 0.439463
vt 0.618000 0.268000
vt 0.638000 0.403647
vt 0.638000 0.294769
vt 0.638000 0.376353
vt 0.638000 0.268000
vt 0.638000 0.317463
vt 0.638000 0.403647
vt 0.618000 0.351137
vt 0.682000 0.718353
vt 0.662000 0.732000
vt 0.682000 0.732000
vt 0.682000 0.770863
vt 0.662000 0.758769
vt 0.682000 0.758769
vt 0.682000 0.745647
vt 0.682000 0.732000
vt 0.662000 0.745647
vt 0.662000 0.732000
vt 0.682000 0.781463
vt 0.662000 0.770863
vt 0.662000 0.781463
vt 0.682000 0.705231
vt 0.662000 0.718353
vt 0.662000 0.705231
vt 0.682000 0.682537
vt 0.662000 0.693137
vt 0.682000 0.693137
vt 0.682000 0.693137
vt 0.662000 0.682537
vt 0.667373 0.416769
vt 0.705231 0.325373
vt 0.796627 0.363231
vt 0.618000 0.682537
vt 0.638000 0.693137
vt 0.618000 0.693137
vt 0.663393 0.376353
vt 0.718353 0.458607
vt 0.800608 0.403647
vt 0.682000 0.770863
vt 0.682000 0.718353
vt 0.662000 0.693137
vt 0.812000 0.390000
vt 0.800608 0.376353
vt 0.801952 0.390000
vt 0.810463 0.374393
vt 0.805910 0.359385
vt 0.798518 0.345554
vt 0.790163 0.351137
vt 0.788569 0.333431
vt 0.781463 0.340537
vt 0.776446 0.323482
vt 0.770863 0.331837
vt 0.758769 0.325373
vt 0.762615 0.316090
vt 0.747607 0.311537
vt 0.745647 0.321392
vt 0.732000 0.320048
vt 0.732000 0.310000
vt 0.716393 0.311537
vt 0.718353 0.321392
vt 0.701385 0.316090
vt 0.693137 0.331837
vt 0.687554 0.323482
vt 0.693137 0.331837
vt 0.682537 0.340537
vt 0.682537 0.340537
vt 0.675431 0.333431
vt 0.665482 0.345554
vt 0.673837 0.351137
vt 0.667373 0.363231
vt 0.658090 0.359385
vt 0.653537 0.374393
vt 0.662048 0.390000
vt 0.652000 0.390000
vt 0.653537 0.405607
vt 0.663393 0.403647
vt 0.658090 0.420615
vt 0.673837 0.428863
vt 0.665482 0.434446
vt 0.675431 0.446569
vt 0.682537 0.439463
vt 0.687554 0.456518
vt 0.682537 0.439463
vt 0.693137 0.448163
vt 0.705231 0.454627
vt 0.693137 0.448163
vt 0.701385 0.463910
vt 0.716393 0.468463
vt 0.732000 0.459952
vt 0.732000 0.470000
vt 0.747607 0.468463
vt 0.745647 0.458607
vt 0.758769 0.454627
vt 0.762615 0.463910
vt 0.776446 0.456518
vt 0.770863 0.448163
vt 0.781463 0.439463
vt 0.788569 0.446569
vt 0.790163 0.428863
vt 0.798518 0.434446
vt 0.790163 0.428863
vt 0.796627 0.416769
vt 0.805910 0.420615
vt 0.810463 0.405607
vt 0.682000 0.745647
vt 0.672000 0.788569
vt 0.628000 0.776446
vt 0.628000 0.788569
vt 0.672000 0.776446
vt 0.628000 0.762615
vt 0.672000 0.762615
vt 0.628000 0.747607
vt 0.672000 0.747607
vt 0.628000 0.732000
vt 0.672000 0.732000
vt 0.628000 0.716393
vt 0.672000 0.716393
vt 0.628000 0.701385
vt 0.672000 0.701385
vt 0.628000 0.687554
vt 0.672000 0.687554
vt 0.628000 0.675431
vt 0.672000 0.675431
vt 0.618000 0.693137
vt 0.638000 0.682537
vt 0.618000 0.682537
vt 0.618000 0.718353
vt 0.638000 0.705231
vt 0.638000 0.718353
vt 0.618000 0.781463
vt 0.638000 0.770863
vt 0.618000 0.770863
vt 0.618000 0.745647
vt 0.638000 0.732000
vt 0.638000 0.745647
vt 0.618000 0.758769
vt 0.618000 0.745647
vt 0.618000 0.770863
vt 0.618000 0.732000
vt 0.618000 0.718353
vt 0.618000 0.705231
vt 0.638000 0.693137
vt 0.618000 0.732000
vt 0.638000 0.758769
vt 0.638000 0.732000
vt 0.638000 0.781463
vt 0.382000 0.351137
vt 0.362000 0.340537
vt 0.382000 0.340537
vt 0.382000 0.254353
vt 0.362000 0.268000
vt 0.382000 0.268000
vt 0.382000 0.376353
vt 0.362000 0.363231
vt 0.362000 0.376353
vt 0.382000 0.306863
vt 0.362000 0.294769
vt 0.382000 0.294769
vt 0.382000 0.281647
vt 0.382000 0.403647
vt 0.362000 0.390000
vt 0.362000 0.403647
vt 0.382000 0.268000
vt 0.362000 0.281647
vt 0.362000 0.268000
vt 0.382000 0.317463
vt 0.362000 0.306863
vt 0.362000 0.317463
vt 0.382000 0.428863
vt 0.362000 0.416769
vt 0.362000 0.428863
vt 0.382000 0.241231
vt 0.362000 0.254353
vt 0.362000 0.241231
vt 0.382000 0.376353
vt 0.362000 0.376353
vt 0.382000 0.428863
vt 0.362000 0.416769
vt 0.382000 0.416769
vt 0.382000 0.218537
vt 0.362000 0.229137
vt 0.382000 0.229137
vt 0.382000 0.229137
vt 0.362000 0.218537
vt 0.382000 0.218537
vt 0.362000 0.363231
vt 0.362000 0.351137
vt 0.362000 0.254353
vt 0.382000 0.351137
vt 0.382000 0.363231
vt 0.362000 0.306863
vt 0.362000 0.281647
vt 0.382000 0.403647
vt 0.382000 0.390000
vt 0.318000 0.218537
vt 0.338000 0.229137
vt 0.318000 0.229137
vt 0.382000 0.306863
vt 0.382000 0.416769
vt 0.382000 0.439463
vt 0.362000 0.428863
vt 0.382000 0.439463
vt 0.362000 0.439463
vt 0.362000 0.229137
vt 0.382000 0.363231
vt 0.362000 0.403647
vt 0.382000 0.340537
vt 0.362000 0.351137
vt 0.318000 0.363231
vt 0.338000 0.351137
vt 0.338000 0.363231
vt 0.372000 0.390000
vt 0.328000 0.374393
vt 0.328000 0.390000
vt 0.372000 0.405607
vt 0.328000 0.405607
vt 0.372000 0.374393
vt 0.328000 0.359385
vt 0.372000 0.359385
vt 0.328000 0.345554
vt 0.372000 0.345554
vt 0.328000 0.333431
vt 0.372000 0.324569
vt 0.328000 0.312446
vt 0.328000 0.324569
vt 0.372000 0.312446
vt 0.328000 0.298615
vt 0.372000 0.298615
vt 0.328000 0.283607
vt 0.372000 0.283607
vt 0.328000 0.268000
vt 0.372000 0.268000
vt 0.328000 0.252393
vt 0.372000 0.252393
vt 0.328000 0.237385
vt 0.372000 0.237385
vt 0.328000 0.223554
vt 0.372000 0.223554
vt 0.328000 0.211431
vt 0.372000 0.333431
vt 0.328000 0.420615
vt 0.372000 0.420615
vt 0.328000 0.434446
vt 0.372000 0.434446
vt 0.328000 0.446569
vt 0.372000 0.211431
vt 0.372000 0.446569
vt 0.318000 0.376353
vt 0.338000 0.390000
vt 0.318000 0.390000
vt 0.318000 0.229137
vt 0.338000 0.218537
vt 0.318000 0.218537
vt 0.318000 0.428863
vt 0.338000 0.416769
vt 0.338000 0.428863
vt 0.318000 0.241231
vt 0.338000 0.254353
vt 0.318000 0.254353
vt 0.318000 0.428863
vt 0.338000 0.416769
vt 0.318000 0.416769
vt 0.318000 0.317463
vt 0.338000 0.306863
vt 0.318000 0.306863
vt 0.318000 0.281647
vt 0.338000 0.268000
vt 0.338000 0.281647
vt 0.318000 0.403647
vt 0.318000 0.294769
vt 0.318000 0.281647
vt 0.318000 0.306863
vt 0.318000 0.376353
vt 0.338000 0.363231
vt 0.318000 0.363231
vt 0.318000 0.268000
vt 0.318000 0.254353
vt 0.318000 0.340537
vt 0.318000 0.351137
vt 0.318000 0.340537
vt 0.338000 0.351137
vt 0.338000 0.340537
vt 0.338000 0.229137
vt 0.318000 0.403647
vt 0.318000 0.416769
vt 0.338000 0.376353
vt 0.338000 0.241231
vt 0.318000 0.439463
vt 0.338000 0.428863
vt 0.338000 0.439463
vt 0.318000 0.268000
vt 0.338000 0.403647
vt 0.338000 0.294769
vt 0.338000 0.376353
vt 0.338000 0.268000
vt 0.338000 0.317463
vt 0.338000 0.403647
vt 0.318000 0.351137
vt 0.382000 0.718353
vt 0.362000 0.732000
vt 0.382000 0.732000
vt 0.382000 0.770863
vt 0.362000 0.758769
vt 0.382000 0.758769
vt 0.382000 0.745647
vt 0.382000 0.732000
vt 0.362000 0.745647
vt 0.362000 0.732000
vt 0.382000 0.781463
vt 0.362000 0.770863
vt 0.362000 0.781463
vt 0.382000 0.705231
vt 0.362000 0.718353
vt 0.362000 0.705231
vt 0.382000 0.682537
vt 0.362000 0.693137
vt 0.382000 0.693137
vt 0.382000 0.693137
vt 0.362000 0.682537
vt 0.362000 0.718353
vt 0.362000 0.770863
vt 0.362000 0.745647
vt 0.318000 0.682537
vt 0.338000 0.693137
vt 0.318000 0.693137
vt 0.382000 0.770863
vt 0.362000 0.693137
vt 0.372000 0.788569
vt 0.328000 0.776446
vt 0.328000 0.788569
vt 0.372000 0.776446
vt 0.328000 0.762615
vt 0.372000 0.762615
vt 0.328000 0.747607
vt 0.372000 0.747607
vt 0.328000 0.732000
vt 0.372000 0.732000
vt 0.328000 0.716393
vt 0.372000 0.716393
vt 0.328000 0.701385
vt 0.372000 0.701385
vt 0.328000 0.687554
vt 0.372000 0.687554
vt 0.328000 0.675431
vt 0.372000 0.675431
vt 0.318000 0.693137
vt 0.338000 0.682537
vt 0.318000 0.682537
vt 0.318000 0.718353
vt 0.338000 0.705231
vt 0.338000 0.718353
vt 0.318000 0.781463
vt 0.338000 0.770863
vt 0.318000 0.770863
vt 0.318000 0.745647
vt 0.338000 0.732000
vt 0.338000 0.745647
vt 0.318000 0.758769
vt 0.318000 0.745647
vt 0.318000 0.770863
vt 0.318000 0.732000
vt 0.318000 0.718353
vt 0.318000 0.705231
vt 0.338000 0.693137
vt 0.318000 0.732000
vt 0.338000 0.758769
vt 0.338000 0.732000
vt 0.338000 0.781463
vt 0.320000 0.450000
vt 0.220000 0.451000
vt 0.190000 0.390000
vt 0.780000 0.451000
vt 0.810000 0.390000
vt 0.680000 0.450000
vt 0.500000 0.390000
vt 0.386667 0.540000
vt 0.346667 0.390000
vt 0.653333 0.390000
vt 0.556667 0.390000
vt 0.040000 0.390000
vt 1.000000 0.390000
vt 0.300000 0.390000
vt 0.433333 0.390000
vt 0.566667 0.540000
vt 0.630000 0.390000
vt 0.556667 0.540000
vt 0.350000 0.556667
vt 0.433333 0.556667
vt 0.700000 0.556667
vt 0.566667 0.556667
vt 0.380667 0.671400
vt 0.650000 0.671400
vt 0.680000 0.551400
vt 0.700000 0.551400
vt 0.650000 0.327333
vt 0.635000 0.380667
vt 0.650000 0.380667
vt 0.680000 0.575400
vt 0.635000 0.671400
vt 0.320000 0.690000
vt 0.247333 0.575400
vt 0.327333 0.671400
vt 0.380667 0.551400
vt 0.300000 0.575400
vt 0.320000 0.529800
vt 0.300000 0.529800
vt 0.300000 0.247333
vt 0.320000 0.327333
vt 0.300000 0.327333
vt 0.300000 0.380667
vt 0.320000 0.471333
vt 0.300000 0.471333
vt 0.220000 0.570000
vt 0.300000 0.570000
vt 0.280000 0.545300
vt 0.300000 0.513000
vt 0.350000 0.671400
vt 0.320000 0.575400
vt 0.320000 0.551400
vt 0.365000 0.671400
vt 0.350000 0.471333
vt 0.365000 0.380667
vt 0.350000 0.380667
vt 0.320000 0.380667
vt 0.365000 0.327333
vt 0.350000 0.327333
vt 0.700000 0.471333
vt 0.680000 0.380667
vt 0.700000 0.380667
vt 0.700000 0.529800
vt 0.700000 0.575400
vt 0.635000 0.471333
vt 0.650000 0.471333
vt 0.680000 0.327333
vt 0.700000 0.327333
vt 0.680000 0.247333
vt 0.700000 0.247333
vt 0.315000 0.684000
vt 0.240364 0.563196
vt 0.225000 0.576000
vt 0.650000 0.690000
vt 0.700000 0.570000
vt 0.450000 0.690000
vt 0.365000 0.684000
vt 0.455000 0.684000
vt 0.350000 0.690000
vt 0.320000 0.576000
vt 0.365000 0.671196
vt 0.440000 0.563196
vt 0.455000 0.671196
vt 0.330364 0.671196
vt 0.560000 0.225000
vt 0.635000 0.240364
vt 0.560000 0.240364
vt 0.365000 0.315000
vt 0.455000 0.330364
vt 0.455000 0.315000
vt 0.700000 0.653333
vt 0.566667 0.653333
vt 0.350000 0.613333
vt 0.310000 0.681792
vt 0.320000 0.771792
vt 0.310000 0.771792
vt 0.350000 0.861792
vt 0.365000 0.771792
vt 0.350000 0.771792
vt 0.320000 0.621792
vt 0.320000 0.681792
vt 0.350000 0.681792
vt 0.365000 0.621792
vt 0.350000 0.621792
vt 0.621792 0.676575
vt 0.861792 0.646575
vt 0.650000 0.676575
vt 0.680000 0.556575
vt 0.635000 0.676575
vt 0.690000 0.681792
vt 0.680000 0.621792
vt 0.700000 0.621792
vt 0.650000 0.621792
vt 0.635000 0.681792
vt 0.650000 0.681792
vt 0.680000 0.570792
vt 0.700000 0.570792
vt 0.650000 0.771792
vt 0.635000 0.861792
vt 0.650000 0.861792
vt 0.690000 0.771792
vt 0.680000 0.681792
vt 0.650000 0.646575
vt 0.700000 0.556575
vt 0.650000 0.570792
vt 0.635000 0.621792
vt 0.635000 0.771792
vt 0.680000 0.861792
vt 0.680000 0.771792
vt 0.350000 0.676575
vt 0.320000 0.556575
vt 0.300000 0.556575
vt 0.350000 0.646575
vt 0.365000 0.646575
vt 0.365000 0.570792
vt 0.350000 0.570792
vt 0.300000 0.570792
vt 0.300000 0.621792
vt 0.365000 0.681792
vt 0.320000 0.861792
vt 0.300000 0.861792
vt 0.970000 0.652500
vt 0.980000 0.547500
vt 0.950000 0.652500
vt 0.550000 0.660000
vt 0.594500 0.652500
vt 0.560000 0.652500
vt 0.605000 0.660000
vt 0.617000 0.547500
vt 0.440000 0.547500
vt 0.560000 0.547500
vt 0.560000 0.970000
vt 0.594500 0.950000
vt 0.545000 0.950000
vt 0.383000 1.000000
vt 0.440000 0.980000
vt 0.440000 1.000000
vt 1.000000 0.547500
vt 0.560000 1.000000
vt 0.617000 0.980000
vt 0.617000 1.000000
vt 0.560000 0.980000
vt 0.440000 0.970000
vt 0.405500 0.950000
vt 0.405500 0.970000
vt 0.455000 0.950000
vt 0.405500 0.652500
vt 0.455000 0.652500
vt 0.630000 0.540000
vt 0.450000 0.660000
vt 0.440000 0.652500
vt 0.566667 0.613333
vt 0.650000 0.556667
vt 0.650000 0.613333
vt 0.433333 0.653333
vt 0.300000 0.556667
vt 0.300000 0.653333
vt 0.545000 0.315000
vt 0.635000 0.330364
vt 0.635000 0.315000
vt 0.545000 0.330364
vt 0.440000 0.225000
vt 0.365000 0.240364
vt 0.320000 0.225000
vt 0.440000 0.240364
vt 0.635000 0.671196
vt 0.560000 0.563196
vt 0.635000 0.563196
vt 0.545000 0.671196
vt 0.550000 0.690000
vt 0.635000 0.684000
vt 0.545000 0.684000
vt 0.300000 0.500000
vt 0.650000 0.500000
vt 0.370000 0.390000
vt 0.700000 0.480000
vt 0.566667 0.480000
vt 0.433333 0.570000
vt 0.440000 0.576000
vt 0.433333 0.320000
vt 0.300000 0.320000
vt 0.566667 0.880000
vt 0.650000 0.780000
vt 0.650000 0.880000
vt 0.300000 0.451000
vt 0.433333 0.451000
vt 0.650000 0.386667
vt 0.566667 0.386667
vt 0.650000 0.680000
vt 0.300000 0.346667
vt 0.433333 0.346667
vt 0.433333 0.450000
vt 0.300000 0.450000
vt 0.300000 0.680000
vt 0.300000 0.780000
vt 0.370000 1.000000
vt 0.433333 0.810000
vt 0.300000 0.810000
vt 0.433333 1.000000
vt 0.700000 0.120000
vt 0.566667 0.120000
vt 0.650000 0.320000
vt 0.550000 0.320000
vt 0.605000 0.970000
vt 0.550000 0.970000
vt 0.433333 0.190000
vt 0.300000 0.190000
vt 0.700000 0.540000
vt 0.280000 0.237333
vt 0.240000 0.226000
vt 0.240000 0.243333
vt 0.280000 0.220000
vt 0.280000 0.535513
vt 0.280000 0.583667
vt 0.226000 0.570000
vt 0.243333 0.535513
vt 0.226000 0.545300
vt 0.280000 0.570000
vt 0.240000 0.545300
vt 0.240000 0.535513
vt 0.276000 0.540528
vt 0.760000 0.535513
vt 0.724000 0.540528
vt 0.756000 0.540528
vt 0.720000 0.545300
vt 0.720000 0.570000
vt 0.720000 0.535513
vt 0.243333 0.583667
vt 0.760000 0.226000
vt 0.760000 0.570000
vt 0.760000 0.243333
vt 0.248133 0.579652
vt 0.242133 0.540528
vt 0.248133 0.540528
vt 0.243333 0.583667
vt 0.276000 0.579652
vt 0.240000 0.583667
vt 0.244000 0.579652
vt 0.276000 0.238533
vt 0.244000 0.242133
vt 0.244000 0.248133
vt 0.248133 0.579652
vt 0.720000 0.583667
vt 0.760000 0.583667
vt 0.724000 0.579652
vt 0.724000 0.238533
vt 0.756000 0.242133
vt 0.724000 0.232533
vt 0.238533 0.579652
vt 0.232533 0.540528
vt 0.238533 0.540528
vt 0.276000 0.232533
vt 0.756000 0.248133
vt 0.232533 0.579652
vt 0.238533 0.579652
vt 0.242133 0.579652
vt 0.970000 0.660000
vt 0.300000 0.540000
vt 0.700000 0.190000
vt 0.300000 0.120000
vt 0.350000 0.880000
vt 0.350000 0.386667
vt 0.700000 0.810000
vt 0.700000 0.680000
vt 0.700000 0.346667
vt 0.662000 0.218537
vt 0.638000 0.218537
vt 0.662000 0.439463
vt 0.662000 0.340537
vt 0.638000 0.340537
vt 0.638000 0.682537
vt 0.362000 0.218537
vt 0.338000 0.218537
vt 0.362000 0.439463
vt 0.362000 0.340537
vt 0.338000 0.340537
vt 0.338000 0.682537
vt 0.635000 0.327333
vt 0.320000 0.247333
vt 0.300000 0.551400
vt 0.365000 0.471333
vt 0.680000 0.471333
vt 0.680000 0.529800
vt 0.365000 0.563196
vt 0.680000 0.225000
vt 0.365000 0.330364
vt 0.365000 0.861792
vt 0.635000 0.646575
vt 0.635000 0.570792
vt 0.700000 0.861792
vt 0.365000 0.676575
vt 0.320000 0.570792
vt 0.545000 0.652500
vt 0.594500 0.970000
vt 0.383000 0.980000
vt 0.240000 0.570000
vt 0.244000 0.540528
vt 0.700000 0.513000
vt 0.760000 0.545300
vt 0.242133 0.579652
vt 0.756000 0.579652
vt 0.232533 0.579652
s 0
usemtl Body
f 16/1/1 810/2/1 820/3/1
f 4/4/2 923/5/2 810/6/2
f 816/7/3 6/8/3 812/9/3
f 936/10/4 809/11/4 970/12/4
f 951/13/5 5/14/5 934/15/5
f 943/16/6 2/17/6 936/18/6
f 4/19/7 937/20/7 931/21/7
f 34/22/7 939/23/7 963/24/7
f 959/25/7 14/26/7 941/27/7
f 38/28/7 943/16/7 967/29/7
f 7/30/5 945/31/5 929/32/5
f 35/33/8 947/34/8 961/35/8
f 29/36/9 949/37/9 955/38/9
f 39/39/10 951/38/10 965/40/10
f 811/2/11 21/1/11 813/3/11
f 22/41/3 891/42/3 36/43/3
f 833/44/12 837/45/12 842/46/12
f 828/47/3 24/48/3 816/7/3
f 2/8/13 817/7/13 809/9/13
f 834/44/14 849/45/14 830/49/14
f 822/50/13 890/51/13 888/52/13
f 819/53/15 888/52/15 886/54/15
f 818/55/13 848/56/13 846/57/13
f 15/41/13 883/42/13 882/58/13
f 879/59/16 900/51/16 899/60/16
f 828/61/17 1008/62/17 1006/63/17
f 19/64/18 953/38/18 947/37/18
f 831/65/5 955/66/5 975/67/5
f 15/68/7 957/69/7 939/23/7
f 830/70/7 959/25/7 973/71/7
f 28/72/13 885/60/13 875/59/13
f 826/73/19 895/74/19 898/75/19
f 20/36/20 961/40/20 945/38/20
f 937/20/21 34/22/21 963/24/21
f 13/48/13 827/47/13 817/7/13
f 32/76/3 837/45/3 832/49/3
f 18/77/22 965/78/22 949/79/22
f 968/80/23 870/81/23 980/82/23
f 18/663/3 828/47/3 39/664/3
f 817/7/13 37/664/13 12/665/13
f 813/3/3 35/666/3 20/667/3
f 819/53/13 33/666/13 10/668/13
f 831/669/3 824/670/3 29/671/3
f 19/668/3 823/50/3 30/672/3
f 878/673/13 822/50/13 25/672/13
f 11/663/13 821/670/13 26/671/13
f 33/666/13 820/3/13 9/667/13
f 822/50/13 10/668/13 25/672/13
f 827/47/13 11/663/13 37/664/13
f 1/674/13 817/7/13 12/665/13
f 39/664/3 816/7/3 17/665/3
f 824/670/3 18/663/3 29/671/3
f 35/666/3 814/53/3 19/668/3
f 7/675/120 813/3/120 20/667/120
f 970/12/4 1/676/4 933/677/4
f 816/7/3 5/674/3 17/665/3
f 972/678/121 7/679/121 929/38/121
f 820/3/122 3/675/122 9/667/122
f 821/670/13 829/669/13 26/671/13
f 880/680/3 831/669/3 876/673/3
f 875/681/7 973/71/7 987/682/7
f 876/683/5 975/67/5 985/684/5
f 879/59/123 833/44/123 880/680/123
f 27/76/13 849/45/13 845/685/13
f 837/686/124 866/687/124 842/688/124
f 836/689/5 859/690/5 835/691/5
f 836/686/125 862/692/125 860/693/125
f 23/694/126 838/695/126 836/696/126
f 824/670/3 842/46/3 840/697/3
f 824/670/3 839/57/3 815/55/3
f 815/55/3 841/56/3 828/47/3
f 32/76/3 836/696/3 835/685/3
f 843/698/121 856/699/121 848/700/121
f 848/701/127 854/702/127 846/703/127
f 847/704/7 858/705/7 850/706/7
f 14/694/128 843/695/128 38/707/128
f 38/708/124 998/709/124 827/710/124
f 821/670/13 846/57/13 847/697/13
f 27/76/13 844/696/13 14/694/13
f 821/670/13 850/46/13 834/44/13
f 844/711/125 851/712/125 843/698/125
f 849/711/124 858/713/124 857/714/124
f 849/715/5 853/716/5 845/717/5
f 846/703/131 855/718/131 847/704/131
f 845/717/5 852/719/5 844/720/5
f 842/721/7 864/722/7 840/723/7
f 841/724/121 862/692/121 838/725/121
f 835/691/5 861/726/5 837/727/5
f 840/723/131 863/728/131 839/729/131
f 839/729/127 865/730/127 841/731/127
f 869/732/134 874/733/134 870/734/134
f 23/735/23 870/81/23 40/736/23
f 941/737/23 868/738/23 977/739/23
f 14/740/23 867/741/23 868/738/23
f 868/732/3 871/733/3 872/745/3
f 980/746/135 874/747/135 984/748/135
f 868/749/136 981/750/136 977/751/136
f 814/53/3 897/52/3 823/50/3
f 30/752/5 985/684/5 953/753/5
f 28/754/7 987/682/7 957/69/7
f 823/50/3 876/673/3 30/672/3
f 834/44/13 878/673/13 829/669/13
f 830/49/137 877/680/137 834/44/137
f 886/755/138 919/756/138 889/757/138
f 884/758/139 913/759/139 883/760/139
f 886/755/140 918/761/140 916/762/140
f 882/763/5 911/764/5 881/765/5
f 819/53/141 889/75/141 825/73/141
f 15/41/13 881/766/13 28/72/13
f 875/59/142 890/51/142 877/680/142
f 34/43/13 884/767/13 883/42/13
f 16/1/143 887/74/143 884/767/143
f 825/73/13 887/74/13 820/3/13
f 899/768/121 910/769/121 909/770/121
f 896/771/140 907/772/140 897/773/140
f 893/774/5 902/775/5 892/776/5
f 897/773/7 910/777/7 900/778/7
f 31/72/3 899/60/3 893/766/3
f 814/53/144 898/75/144 896/54/144
f 36/43/3 894/767/3 21/1/3
f 21/1/145 895/74/145 813/3/145
f 22/41/3 893/766/3 892/58/3
f 823/50/3 900/51/3 880/680/3
f 891/779/139 904/780/139 894/781/139
f 898/782/138 906/783/138 896/771/138
f 894/784/124 905/769/124 895/785/124
f 899/786/5 903/787/5 893/774/5
f 892/776/5 901/788/5 891/779/5
f 898/782/149 905/789/149 908/790/149
f 885/791/121 920/792/121 890/793/121
f 884/794/124 917/792/124 914/795/124
f 881/765/5 915/796/5 885/797/5
f 890/798/7 918/761/7 888/799/7
f 883/760/5 912/800/5 882/763/5
f 889/757/149 917/801/149 887/802/149
f 922/803/153 928/804/153 926/805/153
f 932/806/121 922/807/121 990/808/121
f 8/809/154 924/810/154 922/807/154
f 971/10/121 923/5/121 991/811/121
f 990/813/5 926/814/5 994/815/5
f 923/816/7 995/817/7 991/818/7
f 921/803/156 927/804/156 923/819/156
f 992/820/7 928/821/7 924/822/7
f 991/818/7 996/823/7 992/820/7
f 989/824/5 925/825/5 921/826/5
f 990/813/5 993/827/5 989/824/5
f 972/678/121 924/810/121 811/830/121
f 972/678/121 991/811/121 992/812/121
f 931/831/121 921/828/121 4/4/121
f 932/806/121 989/832/121 931/831/121
f 958/833/7 879/834/7 31/835/7
f 957/69/7 988/684/7 958/833/7
f 954/836/5 878/837/5 25/838/5
f 953/753/5 986/682/5 954/836/5
f 978/839/136 873/840/136 869/841/136
f 977/751/136 982/842/136 978/839/136
f 979/843/135 871/844/135 867/845/135
f 980/746/135 983/846/135 979/843/135
f 942/851/23 869/852/23 23/735/23
f 941/737/23 978/853/23 942/851/23
f 986/682/5 829/854/5 878/837/5
f 985/684/5 976/71/5 986/682/5
f 988/684/7 832/855/7 879/834/7
f 987/682/7 974/67/7 988/684/7
f 810/6/121 930/677/121 3/856/121
f 971/10/121 929/38/121 930/677/121
f 812/857/157 934/38/157 5/36/157
f 969/858/124 933/677/124 934/38/124
f 967/859/23 867/741/23 38/708/23
f 968/80/23 979/860/23 967/859/23
f 950/861/22 37/28/22 11/862/22
f 949/79/22 966/29/22 950/861/22
f 938/863/21 36/864/21 21/865/21
f 937/20/21 964/35/21 938/863/21
f 946/677/20 33/866/20 9/676/20
f 945/38/20 962/867/20 946/677/20
f 974/67/7 32/868/7 832/855/7
f 973/71/7 960/869/7 974/67/7
f 940/34/7 31/835/7 22/870/7
f 939/23/7 958/833/7 940/34/7
f 976/71/5 26/871/5 829/854/5
f 975/67/5 956/872/5 976/71/5
f 948/873/18 25/676/18 10/874/18
f 947/37/18 954/677/18 948/873/18
f 966/867/10 12/676/10 37/866/10
f 965/40/10 952/677/10 966/867/10
f 956/677/9 11/874/9 26/676/9
f 955/38/9 950/873/9 956/677/9
f 962/24/8 10/875/8 33/876/8
f 961/35/8 948/23/8 962/24/8
f 3/877/5 946/878/5 9/879/5
f 929/32/5 946/878/5 930/880/5
f 968/78/7 24/881/7 40/61/7
f 967/29/7 944/882/7 968/78/7
f 960/869/7 23/883/7 32/868/7
f 959/25/7 942/884/7 960/869/7
f 964/35/7 22/870/7 36/864/7
f 963/24/7 940/34/7 964/35/7
f 8/885/7 938/863/7 21/865/7
f 931/21/7 938/863/7 932/886/7
f 944/882/158 6/14/158 24/881/158
f 943/16/159 935/15/159 944/882/159
f 952/887/5 1/17/5 12/888/5
f 951/13/5 933/18/5 952/887/5
f 6/889/157 969/858/157 812/857/157
f 935/678/124 970/12/124 969/858/124
f 1000/890/160 1002/891/160 1004/892/160
f 38/28/161 999/890/161 997/893/161
f 827/28/162 1000/890/162 848/701/162
f 843/698/163 1000/894/163 999/895/163
f 1001/896/13 1004/897/13 1002/898/13
f 997/899/164 1002/900/164 998/709/164
f 999/890/165 1001/891/165 997/893/165
f 1004/901/166 1014/902/166 1000/894/166
f 1012/903/167 1018/904/167 1020/905/167
f 40/736/124 1006/906/124 1005/907/124
f 40/61/168 1007/62/168 838/731/168
f 838/725/169 1008/908/169 841/724/169
f 1009/896/3 1012/897/3 1011/909/3
f 1008/62/170 1010/910/170 1006/63/170
f 1006/906/171 1009/911/171 1005/907/171
f 1007/62/172 1009/910/172 1011/912/172
f 1015/913/3 1024/914/3 1016/915/3
f 1003/916/173 1016/915/173 1004/897/173
f 999/895/174 1014/902/174 1013/917/174
f 1003/918/175 1013/917/175 1015/919/175
f 1013/920/5 1023/921/5 1015/922/5
f 1011/909/176 1020/915/176 1019/923/176
f 1007/924/177 1018/904/177 1008/908/177
f 1011/925/178 1017/926/178 1007/924/178
f 1017/927/5 1027/928/5 1025/929/5
f 1017/930/3 1026/931/3 1018/932/3
f 1014/920/7 1024/921/7 1022/933/7
f 1018/927/7 1028/928/7 1020/934/7
f 1014/932/13 1021/935/13 1013/936/13
f 1020/915/13 1027/937/13 1019/923/13
f 16/1/181 4/938/181 810/2/181
f 4/4/182 921/828/182 923/5/182
f 816/7/3 24/48/3 6/8/3
f 936/10/4 2/939/4 809/11/4
f 951/13/5 17/940/5 5/14/5
f 943/16/158 13/941/158 2/17/158
f 4/19/7 16/942/7 937/20/7
f 34/22/7 15/68/7 939/23/7
f 959/25/7 27/943/7 14/26/7
f 38/28/7 13/941/7 943/16/7
f 7/30/5 20/944/5 945/31/5
f 35/33/8 19/945/8 947/34/8
f 29/36/9 18/64/9 949/37/9
f 39/39/10 17/36/10 951/38/10
f 811/2/183 8/938/183 21/1/183
f 22/41/3 892/58/3 891/42/3
f 833/44/184 832/49/184 837/45/184
f 828/47/3 40/707/3 24/48/3
f 2/8/13 13/48/13 817/7/13
f 834/44/185 850/46/185 849/45/185
f 822/50/13 877/680/13 890/51/13
f 819/53/13 822/50/13 888/52/13
f 818/55/13 827/47/13 848/56/13
f 15/41/13 34/43/13 883/42/13
f 879/59/186 880/680/186 900/51/186
f 828/61/187 841/731/187 1008/62/187
f 19/64/18 30/36/18 953/38/18
f 831/65/5 29/946/5 955/66/5
f 15/68/7 28/754/7 957/69/7
f 830/70/7 27/943/7 959/25/7
f 28/72/13 881/766/13 885/60/13
f 826/73/3 813/3/3 895/74/3
f 20/36/20 35/39/20 961/40/20
f 937/20/21 16/942/21 34/22/21
f 13/48/13 38/707/13 827/47/13
f 32/76/3 835/685/3 837/45/3
f 18/77/22 39/61/22 965/78/22
f 968/80/23 40/736/23 870/81/23
f 18/663/3 815/55/3 828/47/3
f 817/7/13 827/47/13 37/664/13
f 813/3/3 826/73/3 35/666/3
f 819/53/13 825/73/13 33/666/13
f 831/669/3 833/44/3 824/670/3
f 19/668/3 814/53/3 823/50/3
f 878/673/13 877/680/13 822/50/13
f 11/663/13 818/55/13 821/670/13
f 33/666/13 825/73/13 820/3/13
f 822/50/13 819/53/13 10/668/13
f 827/47/13 818/55/13 11/663/13
f 1/674/13 809/9/13 817/7/13
f 39/664/3 828/47/3 816/7/3
f 824/670/3 815/55/3 18/663/3
f 35/666/3 826/73/3 814/53/3
f 7/675/188 811/2/188 813/3/188
f 970/12/4 809/11/4 1/676/4
f 816/7/3 812/9/3 5/674/3
f 972/678/121 811/830/121 7/679/121
f 820/3/189 810/2/189 3/675/189
f 821/670/13 834/44/13 829/669/13
f 880/680/3 833/44/3 831/669/3
f 875/681/7 830/70/7 973/71/7
f 876/683/5 831/65/5 975/67/5
f 879/59/123 832/49/123 833/44/123
f 27/76/13 830/49/13 849/45/13
f 837/686/124 861/693/124 866/687/124
f 836/689/5 860/959/5 859/690/5
f 836/686/125 838/725/125 862/692/125
f 23/694/190 40/707/190 838/695/190
f 824/670/3 833/44/3 842/46/3
f 824/670/3 840/697/3 839/57/3
f 815/55/3 839/57/3 841/56/3
f 32/76/3 23/694/3 836/696/3
f 843/698/121 851/712/121 856/699/121
f 848/701/127 856/960/127 854/702/127
f 847/704/7 855/718/7 858/705/7
f 14/694/191 844/696/191 843/695/191
f 38/708/124 997/899/124 998/709/124
f 821/670/13 818/55/13 846/57/13
f 27/76/13 845/685/13 844/696/13
f 821/670/13 847/697/13 850/46/13
f 844/711/125 852/714/125 851/712/125
f 849/711/124 850/961/124 858/713/124
f 849/715/5 857/962/5 853/716/5
f 846/703/131 854/702/131 855/718/131
f 845/717/5 853/716/5 852/719/5
f 842/721/7 866/963/7 864/722/7
f 841/724/121 865/964/121 862/692/121
f 835/691/5 859/690/5 861/726/5
f 840/723/131 864/722/131 863/728/131
f 839/729/127 863/728/127 865/730/127
f 869/732/13 873/745/13 874/733/13
f 23/735/23 869/852/23 870/81/23
f 941/737/23 14/740/23 868/738/23
f 14/740/23 38/708/23 867/741/23
f 868/732/196 867/734/196 871/733/196
f 980/746/135 870/966/135 874/747/135
f 868/749/136 872/967/136 981/750/136
f 814/53/197 896/54/197 897/52/197
f 30/752/5 876/683/5 985/684/5
f 28/754/7 875/681/7 987/682/7
f 823/50/3 880/680/3 876/673/3
f 834/44/13 877/680/13 878/673/13
f 830/49/137 875/59/137 877/680/137
f 886/755/138 916/762/138 919/756/138
f 884/758/139 914/968/139 913/759/139
f 886/755/140 888/799/140 918/761/140
f 882/763/5 912/800/5 911/764/5
f 819/53/198 886/54/198 889/75/198
f 15/41/13 882/58/13 881/766/13
f 875/59/199 885/60/199 890/51/199
f 34/43/13 16/1/13 884/767/13
f 16/1/200 820/3/200 887/74/200
f 825/73/201 889/75/201 887/74/201
f 899/768/121 900/785/121 910/769/121
f 896/771/140 906/783/140 907/772/140
f 893/774/5 903/787/5 902/775/5
f 897/773/7 907/772/7 910/777/7
f 31/72/3 879/59/3 899/60/3
f 814/53/202 826/73/202 898/75/202
f 36/43/3 891/42/3 894/767/3
f 21/1/203 894/767/203 895/74/203
f 22/41/3 31/72/3 893/766/3
f 823/50/3 897/52/3 900/51/3
f 891/779/139 901/788/139 904/780/139
f 898/782/138 908/790/138 906/783/138
f 894/784/124 904/969/124 905/769/124
f 899/786/5 909/970/5 903/787/5
f 892/776/5 902/775/5 901/788/5
f 898/782/149 895/971/149 905/789/149
f 885/791/121 915/972/121 920/792/121
f 884/794/124 887/793/124 917/792/124
f 881/765/5 911/764/5 915/796/5
f 890/798/7 920/973/7 918/761/7
f 883/760/5 913/759/5 912/800/5
f 889/757/149 919/756/149 917/801/149
f 922/803/153 924/819/153 928/804/153
f 932/806/121 8/809/121 922/807/121
f 8/809/210 811/830/210 924/810/210
f 971/10/121 810/6/121 923/5/121
f 990/813/5 922/975/5 926/814/5
f 923/816/7 927/976/7 995/817/7
f 921/803/156 925/805/156 927/804/156
f 992/820/7 996/823/7 928/821/7
f 991/818/7 995/817/7 996/823/7
f 989/824/5 993/827/5 925/825/5
f 990/813/5 994/815/5 993/827/5
f 972/678/121 992/812/121 924/810/121
f 972/678/121 971/10/121 991/811/121
f 931/831/121 989/832/121 921/828/121
f 932/806/121 990/808/121 989/832/121
f 958/833/7 988/684/7 879/834/7
f 957/69/7 987/682/7 988/684/7
f 954/836/5 986/682/5 878/837/5
f 953/753/5 985/684/5 986/682/5
f 978/839/136 982/842/136 873/840/136
f 977/751/136 981/750/136 982/842/136
f 979/843/135 983/846/135 871/844/135
f 980/746/135 984/748/135 983/846/135
f 942/851/23 978/853/23 869/852/23
f 941/737/23 977/739/23 978/853/23
f 986/682/5 976/71/5 829/854/5
f 985/684/5 975/67/5 976/71/5
f 988/684/7 974/67/7 832/855/7
f 987/682/7 973/71/7 974/67/7
f 810/6/121 971/10/121 930/677/121
f 971/10/121 972/678/121 929/38/121
f 812/857/157 969/858/157 934/38/157
f 969/858/124 970/12/124 933/677/124
f 967/859/23 979/860/23 867/741/23
f 968/80/23 980/82/23 979/860/23
f 950/861/22 966/29/22 37/28/22
f 949/79/22 965/78/22 966/29/22
f 938/863/21 964/35/21 36/864/21
f 937/20/21 963/24/21 964/35/21
f 946/677/20 962/867/20 33/866/20
f 945/38/20 961/40/20 962/867/20
f 974/67/7 960/869/7 32/868/7
f 973/71/7 959/25/7 960/869/7
f 940/34/7 958/833/7 31/835/7
f 939/23/7 957/69/7 958/833/7
f 976/71/5 956/872/5 26/871/5
f 975/67/5 955/66/5 956/872/5
f 948/873/18 954/677/18 25/676/18
f 947/37/18 953/38/18 954/677/18
f 966/867/10 952/677/10 12/676/10
f 965/40/10 951/38/10 952/677/10
f 956/677/9 950/873/9 11/874/9
f 955/38/9 949/37/9 950/873/9
f 962/24/8 948/23/8 10/875/8
f 961/35/8 947/34/8 948/23/8
f 3/877/5 930/880/5 946/878/5
f 929/32/5 945/31/5 946/878/5
f 968/78/7 944/882/7 24/881/7
f 967/29/7 943/16/7 944/882/7
f 960/869/7 942/884/7 23/883/7
f 959/25/7 941/27/7 942/884/7
f 964/35/7 940/34/7 22/870/7
f 963/24/7 939/23/7 940/34/7
f 8/885/7 932/886/7 938/863/7
f 931/21/7 937/20/7 938/863/7
f 944/882/211 935/15/211 6/14/211
f 943/16/159 936/18/159 935/15/159
f 952/887/5 933/18/5 1/17/5
f 951/13/5 934/15/5 933/18/5
f 6/889/157 935/678/157 969/858/157
f 935/678/124 936/10/124 970/12/124
f 1000/890/160 998/893/160 1002/891/160
f 38/28/212 843/701/212 999/890/212
f 827/28/213 998/893/213 1000/890/213
f 843/698/163 848/700/163 1000/894/163
f 1001/896/13 1003/916/13 1004/897/13
f 997/899/164 1001/977/164 1002/900/164
f 999/890/165 1003/892/165 1001/891/165
f 1004/901/214 1016/978/214 1014/902/214
f 1012/903/215 1008/908/215 1018/904/215
f 40/736/124 828/979/124 1006/906/124
f 40/61/161 1005/63/161 1007/62/161
f 838/725/169 1007/924/169 1008/908/169
f 1009/896/3 1010/898/3 1012/897/3
f 1008/62/170 1012/912/170 1010/910/170
f 1006/906/171 1010/980/171 1009/911/171
f 1007/62/172 1005/63/172 1009/910/172
f 1015/913/3 1023/981/3 1024/914/3
f 1003/916/173 1015/913/173 1016/915/173
f 999/895/179 1000/894/179 1014/902/179
f 1003/918/216 999/895/216 1013/917/216
f 1013/920/5 1021/933/5 1023/921/5
f 1011/909/176 1012/897/176 1020/915/176
f 1007/924/177 1017/926/177 1018/904/177
f 1011/925/217 1019/982/217 1017/926/217
f 1017/927/5 1019/934/5 1027/928/5
f 1017/930/3 1025/983/3 1026/931/3
f 1014/920/7 1016/922/7 1024/921/7
f 1018/927/7 1026/929/7 1028/928/7
f 1014/932/13 1022/931/13 1021/935/13
f 1020/915/13 1028/914/13 1027/937/13
usemtl Wheels
f 119/83/24 100/84/24 123/85/24
f 199/86/25 80/87/25 203/88/25
f 167/89/26 90/90/26 89/91/26
f 127/92/27 98/93/27 131/94/27
f 207/95/28 78/93/28 211/94/28
f 175/96/29 88/97/29 87/98/29
f 139/99/30 97/100/30 96/101/30
f 219/102/31 77/103/31 76/104/31
f 183/105/32 86/106/32 85/107/32
f 147/108/33 95/109/33 94/110/33
f 111/111/34 104/97/34 103/112/34
f 223/113/35 74/114/35 227/115/35
f 187/116/36 83/117/36 191/118/36
f 151/119/37 92/120/37 155/121/37
f 119/83/38 102/122/38 101/123/38
f 199/86/39 82/110/39 81/109/39
f 159/124/40 90/90/40 163/125/40
f 123/102/41 99/103/41 127/92/41
f 207/95/42 80/87/42 79/100/42
f 231/126/43 104/97/43 107/127/43
f 167/89/44 88/97/44 171/127/44
f 86/128/3 94/129/3 102/130/3
f 153/131/37 61/132/37 149/133/37
f 57/134/13 49/135/13 41/136/13
f 211/94/45 77/103/45 215/137/45
f 175/96/46 86/106/46 179/138/46
f 139/99/47 95/109/47 143/139/47
f 219/140/48 75/141/48 223/113/48
f 187/142/49 85/107/49 84/143/49
f 147/108/50 93/144/50 151/119/50
f 111/111/51 102/122/51 115/145/51
f 231/126/52 74/114/52 73/146/52
f 195/108/53 83/117/53 82/110/53
f 155/147/54 91/148/54 159/124/54
f 106/149/55 109/150/55 105/151/55
f 108/149/56 111/150/56 112/152/56
f 110/152/57 113/130/57 109/150/57
f 116/153/58 111/150/58 115/130/58
f 118/154/59 113/130/59 114/153/59
f 120/154/60 115/130/60 119/155/60
f 122/156/61 117/155/61 118/154/61
f 120/154/62 123/157/62 124/156/62
f 122/156/63 125/158/63 121/157/63
f 124/156/64 127/158/64 128/159/64
f 126/159/65 129/160/65 125/158/65
f 128/159/66 131/160/66 132/161/66
f 130/161/67 133/162/67 129/160/67
f 136/163/68 131/160/68 135/162/68
f 134/163/69 137/164/69 133/162/69
f 136/163/70 139/164/70 140/165/70
f 138/165/71 141/166/71 137/164/71
f 144/167/72 139/164/72 143/166/72
f 146/168/73 141/166/73 142/167/73
f 148/168/74 143/166/74 147/129/74
f 150/169/75 145/129/75 146/168/75
f 152/169/76 147/129/76 151/170/76
f 150/169/77 153/171/77 149/172/77
f 152/169/78 155/173/78 156/174/78
f 158/175/79 153/171/79 154/174/79
f 156/174/80 159/176/80 160/175/80
f 158/175/81 161/177/81 157/176/81
f 160/175/82 163/177/82 164/178/82
f 166/179/83 161/177/83 162/178/83
f 164/178/84 167/134/84 168/179/84
f 166/179/85 169/180/85 165/134/85
f 168/179/86 171/180/86 172/181/86
f 174/182/87 169/180/87 170/181/87
f 176/182/88 171/180/88 175/183/88
f 178/184/89 173/183/89 174/182/89
f 180/184/90 175/183/90 179/128/90
f 182/185/91 177/128/91 178/184/91
f 184/185/92 179/128/92 183/186/92
f 186/187/93 181/186/93 182/185/93
f 184/185/94 187/188/94 188/187/94
f 190/189/95 185/190/95 186/187/95
f 192/189/96 187/188/96 191/191/96
f 190/189/97 193/192/97 189/193/97
f 196/194/98 191/191/98 195/192/98
f 198/195/99 193/192/99 194/194/99
f 196/194/100 199/135/100 200/195/100
f 198/195/101 201/196/101 197/135/101
f 204/197/102 199/135/102 203/196/102
f 206/198/103 201/196/103 202/197/103
f 208/198/104 203/196/104 207/199/104
f 206/198/105 209/200/105 205/199/105
f 212/201/106 207/199/106 211/200/106
f 214/202/107 209/200/107 210/201/107
f 216/202/108 211/200/108 215/203/108
f 218/204/109 213/203/109 214/202/109
f 216/202/110 219/205/110 220/204/110
f 218/204/111 221/206/111 217/205/111
f 224/207/112 219/205/112 223/208/112
f 222/207/113 225/209/113 221/206/113
f 228/210/114 223/208/114 227/209/114
f 230/211/115 225/209/115 226/210/115
f 228/210/116 231/136/116 232/211/116
f 106/149/117 229/136/117 230/211/117
f 108/149/118 231/136/118 107/151/118
f 113/212/38 69/213/38 70/214/38
f 108/215/29 110/216/29 106/217/29
f 232/218/44 106/217/44 230/219/44
f 131/94/119 97/100/119 135/220/119
f 112/221/46 114/222/46 110/216/46
f 116/223/32 118/224/32 114/222/32
f 120/225/49 122/226/49 118/224/49
f 124/227/36 126/228/36 122/229/36
f 128/230/53 130/231/53 126/228/53
f 132/232/39 134/233/39 130/231/39
f 136/234/25 138/235/25 134/233/25
f 140/236/42 142/237/42 138/235/42
f 144/238/28 146/239/28 142/237/28
f 148/240/45 150/241/45 146/239/45
f 152/242/31 154/243/31 150/241/31
f 156/244/48 158/224/48 154/226/48
f 160/225/35 162/222/35 158/224/35
f 164/223/52 166/216/52 162/222/52
f 168/221/43 170/217/43 166/216/43
f 172/215/34 174/219/34 170/217/34
f 176/218/51 178/245/51 174/219/51
f 180/246/38 182/247/38 178/245/38
f 184/248/24 186/249/24 182/247/24
f 188/250/41 190/241/41 186/243/41
f 192/242/27 194/239/27 190/241/27
f 196/240/119 198/237/119 194/239/119
f 200/238/30 202/235/30 198/237/30
f 204/236/47 206/233/47 202/235/47
f 208/234/33 210/231/33 206/233/33
f 212/232/50 214/228/50 210/231/50
f 216/230/37 218/229/37 214/228/37
f 220/251/54 222/247/54 218/249/54
f 224/248/40 226/245/40 222/247/40
f 228/246/26 230/219/26 226/245/26
f 109/252/34 71/253/34 105/254/34
f 189/255/36 52/256/36 185/257/36
f 221/258/35 42/259/35 43/260/35
f 145/261/33 63/262/33 141/263/33
f 181/264/32 54/265/32 177/266/32
f 217/267/31 45/268/31 213/269/31
f 133/270/30 64/271/30 65/272/30
f 173/273/29 56/253/29 169/254/29
f 209/274/28 47/272/28 205/275/28
f 129/274/27 67/268/27 125/276/27
f 165/277/26 58/278/26 161/279/26
f 201/280/25 49/262/25 197/281/25
f 121/282/24 69/213/24 117/283/24
f 153/284/54 59/285/54 60/286/54
f 193/261/53 51/287/53 189/255/53
f 229/288/52 42/259/52 225/289/52
f 113/212/51 72/290/51 109/252/51
f 145/261/50 61/132/50 62/291/50
f 185/292/49 53/293/49 181/264/49
f 221/258/48 44/294/48 217/292/48
f 141/263/47 64/271/47 137/295/47
f 173/273/46 54/265/46 55/296/46
f 213/269/45 46/297/45 209/274/45
f 133/270/119 66/297/119 129/274/119
f 169/254/44 57/298/44 165/277/44
f 201/280/42 47/272/42 48/299/42
f 121/267/41 67/268/41 68/300/41
f 229/288/43 71/253/43 41/301/43
f 161/279/40 59/285/40 157/302/40
f 193/261/39 49/262/39 50/291/39
f 311/83/24 292/84/24 315/85/24
f 391/303/25 272/304/25 395/305/25
f 359/89/26 282/90/26 281/91/26
f 319/306/27 290/307/27 323/308/27
f 399/309/28 270/307/28 403/308/28
f 367/96/29 280/97/29 279/98/29
f 331/310/30 289/311/30 288/312/30
f 411/313/31 269/314/31 268/315/31
f 375/105/32 278/106/32 277/107/32
f 339/316/33 287/317/33 286/318/33
f 303/111/34 296/97/34 295/112/34
f 415/113/35 266/114/35 419/115/35
f 379/319/36 275/320/36 383/321/36
f 343/322/37 284/323/37 347/319/37
f 311/83/38 294/122/38 293/123/38
f 387/316/39 273/317/39 391/303/39
f 351/124/40 282/90/40 355/125/40
f 315/313/41 291/314/41 319/306/41
f 399/309/42 272/304/42 271/311/42
f 423/126/43 296/97/43 299/127/43
f 359/89/44 280/97/44 363/127/44
f 278/324/3 286/325/3 294/326/3
f 345/327/37 253/328/37 341/329/37
f 249/330/13 241/331/13 233/332/13
f 403/308/45 269/314/45 407/333/45
f 367/96/46 278/106/46 371/138/46
f 331/310/47 287/317/47 335/334/47
f 411/140/48 267/141/48 415/113/48
f 379/142/49 277/107/49 276/143/49
f 339/316/50 285/335/50 343/322/50
f 303/111/51 294/122/51 307/145/51
f 423/126/52 266/114/52 265/146/52
f 387/316/53 275/320/53 274/318/53
f 347/147/54 283/148/54 351/124/54
f 298/336/55 301/337/55 297/338/55
f 300/336/56 303/337/56 304/339/56
f 302/339/57 305/326/57 301/337/57
f 304/339/58 307/326/58 308/340/58
f 310/341/59 305/326/59 306/340/59
f 312/341/60 307/326/60 311/342/60
f 314/343/61 309/342/61 310/341/61
f 316/343/62 311/342/62 315/344/62
f 318/345/63 313/344/63 314/343/63
f 320/345/64 315/344/64 319/346/64
f 318/345/65 321/347/65 317/346/65
f 320/345/66 323/347/66 324/348/66
f 326/349/67 321/347/67 322/348/67
f 324/348/68 327/350/68 328/349/68
f 326/349/69 329/351/69 325/350/69
f 328/349/70 331/351/70 332/352/70
f 334/353/71 329/351/71 330/352/71
f 336/353/72 331/351/72 335/354/72
f 338/355/73 333/354/73 334/353/73
f 336/353/74 339/325/74 340/355/74
f 338/355/75 341/356/75 337/325/75
f 344/357/76 339/325/76 343/358/76
f 342/357/77 345/359/77 341/356/77
f 344/357/78 347/360/78 348/361/78
f 350/362/79 345/359/79 346/361/79
f 348/361/80 351/363/80 352/362/80
f 350/362/81 353/364/81 349/363/81
f 352/362/82 355/364/82 356/365/82
f 358/366/83 353/364/83 354/365/83
f 356/365/84 359/330/84 360/366/84
f 358/366/85 361/367/85 357/330/85
f 360/366/86 363/367/86 364/368/86
f 366/369/87 361/367/87 362/368/87
f 368/369/88 363/367/88 367/370/88
f 370/371/89 365/370/89 366/369/89
f 372/371/90 367/370/90 371/324/90
f 370/371/91 373/372/91 369/324/91
f 376/373/92 371/324/92 375/372/92
f 378/374/93 373/372/93 374/373/93
f 376/373/94 379/375/94 380/374/94
f 382/376/95 377/377/95 378/374/95
f 384/376/96 379/375/96 383/378/96
f 382/376/97 385/379/97 381/380/97
f 388/381/98 383/378/98 387/379/98
f 386/381/99 389/331/99 385/379/99
f 388/381/100 391/331/100 392/382/100
f 390/382/101 393/383/101 389/331/101
f 396/384/102 391/331/102 395/383/102
f 398/385/103 393/383/103 394/384/103
f 400/385/104 395/383/104 399/386/104
f 398/385/105 401/387/105 397/386/105
f 400/385/106 403/387/106 404/388/106
f 406/389/107 401/387/107 402/388/107
f 408/389/108 403/387/108 407/390/108
f 406/389/109 409/391/109 405/390/109
f 408/389/110 411/391/110 412/392/110
f 410/392/111 413/393/111 409/391/111
f 416/394/112 411/391/112 415/395/112
f 414/394/113 417/396/113 413/393/113
f 416/394/114 419/396/114 420/397/114
f 422/398/115 417/396/115 418/397/115
f 420/397/116 423/332/116 424/398/116
f 298/336/117 421/332/117 422/398/117
f 300/336/118 423/332/118 299/338/118
f 305/212/38 261/213/38 262/214/38
f 300/215/29 302/216/29 298/217/29
f 424/218/44 298/217/44 422/219/44
f 323/308/119 289/311/119 327/399/119
f 304/221/46 306/222/46 302/216/46
f 308/223/32 310/224/32 306/222/32
f 312/225/49 314/226/49 310/224/49
f 316/400/36 318/401/36 314/402/36
f 320/403/53 322/404/53 318/401/53
f 324/405/39 326/406/39 322/404/39
f 328/407/25 330/408/25 326/406/25
f 332/409/42 334/410/42 330/408/42
f 336/411/28 338/412/28 334/410/28
f 340/413/45 342/414/45 338/412/45
f 344/415/31 346/416/31 342/414/31
f 348/244/48 350/224/48 346/226/48
f 352/225/35 354/222/35 350/224/35
f 356/223/52 358/216/52 354/222/52
f 360/221/43 362/217/43 358/216/43
f 364/215/34 366/219/34 362/217/34
f 368/218/51 370/245/51 366/219/51
f 372/246/38 374/247/38 370/245/38
f 376/248/24 378/249/24 374/247/24
f 380/417/41 382/414/41 378/416/41
f 384/415/27 386/412/27 382/414/27
f 388/413/119 390/410/119 386/412/119
f 392/411/30 394/408/30 390/410/30
f 396/409/47 398/406/47 394/408/47
f 400/407/33 402/404/33 398/406/33
f 404/405/50 406/401/50 402/404/50
f 408/403/37 410/402/37 406/401/37
f 412/251/54 414/247/54 410/249/54
f 416/248/40 418/245/40 414/247/40
f 420/246/26 422/219/26 418/245/26
f 301/252/34 263/253/34 297/254/34
f 381/418/36 244/419/36 377/420/36
f 413/258/35 234/259/35 235/260/35
f 333/421/33 254/422/33 255/423/33
f 373/264/32 246/265/32 369/266/32
f 409/424/31 237/425/31 405/426/31
f 325/427/30 256/428/30 257/429/30
f 365/273/29 248/253/29 361/254/29
f 401/430/28 239/429/28 397/431/28
f 321/430/27 259/425/27 317/432/27
f 357/277/26 250/278/26 353/279/26
f 393/433/25 241/423/25 389/434/25
f 313/282/24 261/213/24 309/283/24
f 345/284/54 251/285/54 252/286/54
f 385/435/53 243/436/53 381/418/53
f 421/288/52 234/259/52 417/289/52
f 305/212/51 264/290/51 301/252/51
f 337/435/50 253/328/50 254/422/50
f 377/292/49 245/293/49 373/264/49
f 413/258/48 236/294/48 409/292/48
f 333/421/47 256/428/47 329/437/47
f 365/273/46 246/265/46 247/296/46
f 405/426/45 238/438/45 401/430/45
f 325/427/119 258/438/119 321/430/119
f 361/254/44 249/298/44 357/277/44
f 393/433/42 239/429/42 240/439/42
f 313/424/41 259/425/41 260/440/41
f 421/288/43 263/253/43 233/301/43
f 353/279/40 251/285/40 349/302/40
f 385/435/39 241/423/39 242/422/39
f 503/441/24 484/442/24 507/443/24
f 583/444/25 464/445/25 587/446/25
f 551/447/26 474/448/26 473/449/26
f 511/450/27 482/451/27 515/452/27
f 591/453/28 462/451/28 595/452/28
f 559/454/29 472/455/29 471/456/29
f 523/457/30 481/458/30 480/459/30
f 603/460/31 461/461/31 460/462/31
f 567/463/32 470/464/32 469/465/32
f 531/466/33 479/467/33 478/468/33
f 495/469/34 488/455/34 487/470/34
f 607/471/35 458/472/35 611/473/35
f 571/474/36 467/475/36 575/476/36
f 535/477/37 476/478/37 539/479/37
f 503/441/38 486/480/38 485/481/38
f 583/444/39 466/468/39 465/482/39
f 543/483/40 474/448/40 547/484/40
f 507/460/41 483/485/41 511/450/41
f 591/453/42 464/445/42 463/486/42
f 615/487/43 488/455/43 491/488/43
f 551/447/44 472/455/44 555/488/44
f 470/128/3 478/129/3 486/130/3
f 537/489/37 445/490/37 533/491/37
f 441/134/13 433/135/13 425/136/13
f 595/452/45 461/461/45 599/492/45
f 559/454/46 470/464/46 563/493/46
f 523/457/47 479/467/47 527/444/47
f 603/494/48 459/495/48 607/471/48
f 571/496/49 469/465/49 468/497/49
f 531/466/50 477/498/50 535/477/50
f 495/469/51 486/480/51 499/499/51
f 615/487/52 458/472/52 457/500/52
f 579/466/53 467/475/53 466/468/53
f 539/501/54 475/502/54 543/483/54
f 490/149/55 493/150/55 489/151/55
f 492/149/56 495/150/56 496/152/56
f 494/152/57 497/130/57 493/150/57
f 500/153/58 495/150/58 499/130/58
f 502/154/59 497/130/59 498/153/59
f 504/154/60 499/130/60 503/155/60
f 506/156/61 501/155/61 502/154/61
f 504/154/62 507/157/62 508/156/62
f 506/156/63 509/158/63 505/157/63
f 508/156/64 511/158/64 512/159/64
f 510/159/65 513/160/65 509/158/65
f 512/159/66 515/160/66 516/161/66
f 518/163/67 513/160/67 514/161/67
f 520/163/68 515/160/68 519/162/68
f 518/163/69 521/164/69 517/162/69
f 520/163/70 523/164/70 524/165/70
f 522/165/71 525/166/71 521/164/71
f 528/167/72 523/164/72 527/166/72
f 526/167/73 529/129/73 525/166/73
f 532/168/74 527/166/74 531/129/74
f 530/168/75 533/172/75 529/129/75
f 532/168/76 535/170/76 536/169/76
f 538/174/77 533/172/77 534/169/77
f 536/169/78 539/173/78 540/174/78
f 542/175/79 537/171/79 538/174/79
f 540/174/80 543/176/80 544/175/80
f 542/175/81 545/177/81 541/176/81
f 544/175/82 547/177/82 548/178/82
f 550/179/83 545/177/83 546/178/83
f 548/178/84 551/134/84 552/179/84
f 550/179/85 553/180/85 549/134/85
f 552/179/86 555/180/86 556/181/86
f 558/182/87 553/180/87 554/181/87
f 560/182/88 555/180/88 559/183/88
f 562/184/89 557/183/89 558/182/89
f 560/182/90 563/128/90 564/184/90
f 566/185/91 561/128/91 562/184/91
f 568/185/92 563/128/92 567/186/92
f 570/187/93 565/186/93 566/185/93
f 568/185/94 571/188/94 572/187/94
f 574/189/95 569/190/95 570/187/95
f 572/187/96 575/191/96 576/189/96
f 574/189/97 577/192/97 573/193/97
f 580/194/98 575/191/98 579/192/98
f 578/194/99 581/135/99 577/192/99
f 580/194/100 583/135/100 584/195/100
f 582/195/101 585/196/101 581/135/101
f 588/197/102 583/135/102 587/196/102
f 590/198/103 585/196/103 586/197/103
f 592/198/104 587/196/104 591/199/104
f 590/198/105 593/200/105 589/199/105
f 596/201/106 591/199/106 595/200/106
f 598/202/107 593/200/107 594/201/107
f 600/202/108 595/200/108 599/203/108
f 602/204/109 597/203/109 598/202/109
f 604/204/110 599/203/110 603/205/110
f 602/204/111 605/206/111 601/205/111
f 608/207/112 603/205/112 607/208/112
f 606/207/113 609/209/113 605/206/113
f 612/210/114 607/208/114 611/209/114
f 610/210/115 613/136/115 609/209/115
f 612/210/116 615/136/116 616/211/116
f 490/149/117 613/136/117 614/211/117
f 492/149/118 615/136/118 491/151/118
f 497/503/38 453/504/38 454/505/38
f 492/506/29 494/507/29 490/508/29
f 616/509/44 490/508/44 614/510/44
f 515/452/119 481/458/119 519/453/119
f 496/511/46 498/512/46 494/507/46
f 500/513/32 502/514/32 498/512/32
f 504/515/49 506/516/49 502/514/49
f 508/517/36 510/518/36 506/519/36
f 512/520/53 514/521/53 510/518/53
f 516/522/39 518/523/39 514/521/39
f 520/524/25 522/525/25 518/523/25
f 524/526/42 526/527/42 522/525/42
f 528/528/28 530/529/28 526/527/28
f 532/530/45 534/531/45 530/529/45
f 536/532/31 538/533/31 534/531/31
f 540/534/48 542/514/48 538/516/48
f 544/515/35 546/512/35 542/514/35
f 548/513/52 550/507/52 546/512/52
f 552/511/43 554/508/43 550/507/43
f 556/506/34 558/510/34 554/508/34
f 560/509/51 562/535/51 558/510/51
f 564/536/38 566/537/38 562/535/38
f 568/538/24 570/539/24 566/537/24
f 572/540/41 574/531/41 570/533/41
f 576/532/27 578/529/27 574/531/27
f 580/530/119 582/527/119 578/529/119
f 584/528/30 586/525/30 582/527/30
f 588/526/47 590/523/47 586/525/47
f 592/524/33 594/521/33 590/523/33
f 596/522/50 598/518/50 594/521/50
f 600/520/37 602/519/37 598/518/37
f 604/541/54 606/537/54 602/539/54
f 608/538/40 610/535/40 606/537/40
f 612/536/26 614/510/26 610/535/26
f 493/542/34 455/543/34 489/544/34
f 573/545/36 436/546/36 569/547/36
f 605/548/35 426/549/35 427/550/35
f 529/551/33 447/552/33 525/553/33
f 565/554/32 438/555/32 561/556/32
f 601/557/31 429/558/31 597/559/31
f 517/560/30 448/561/30 449/562/30
f 557/563/29 440/543/29 553/544/29
f 593/564/28 431/562/28 589/565/28
f 513/564/27 451/558/27 509/566/27
f 549/567/26 442/568/26 545/569/26
f 585/570/25 433/552/25 581/571/25
f 505/572/24 453/504/24 501/573/24
f 537/574/54 443/575/54 444/576/54
f 577/551/53 435/577/53 573/545/53
f 613/578/52 426/549/52 609/579/52
f 497/503/51 456/580/51 493/542/51
f 529/551/50 445/490/50 446/581/50
f 569/582/49 437/583/49 565/554/49
f 605/548/48 428/584/48 601/582/48
f 525/553/47 448/561/47 521/585/47
f 557/563/46 438/555/46 439/586/46
f 597/559/45 430/587/45 593/564/45
f 517/560/119 450/587/119 513/564/119
f 553/544/44 441/588/44 549/567/44
f 585/570/42 431/562/42 432/589/42
f 505/557/41 451/558/41 452/590/41
f 613/578/43 455/543/43 425/591/43
f 545/569/40 443/575/40 541/592/40
f 577/551/39 433/552/39 434/581/39
f 695/441/24 676/442/24 699/443/24
f 775/593/25 656/594/25 779/595/25
f 743/447/26 666/448/26 665/449/26
f 703/596/27 674/597/27 707/598/27
f 783/599/28 654/597/28 787/598/28
f 751/454/29 664/455/29 663/456/29
f 715/600/30 673/601/30 672/602/30
f 795/603/31 653/604/31 652/605/31
f 759/463/32 662/464/32 661/465/32
f 723/606/33 671/607/33 670/608/33
f 687/469/34 680/455/34 679/470/34
f 799/471/35 650/472/35 803/473/35
f 763/609/36 659/610/36 767/611/36
f 727/612/37 668/613/37 731/609/37
f 695/441/38 678/480/38 677/481/38
f 771/606/39 657/614/39 775/593/39
f 735/483/40 666/448/40 739/484/40
f 699/603/41 675/615/41 703/596/41
f 783/599/42 656/594/42 655/616/42
f 807/487/43 680/455/43 683/488/43
f 743/447/44 664/455/44 747/488/44
f 662/324/3 670/325/3 678/326/3
f 729/617/37 637/618/37 725/619/37
f 633/330/13 625/331/13 617/332/13
f 787/598/45 653/604/45 791/620/45
f 751/454/46 662/464/46 755/493/46
f 715/600/47 671/607/47 719/593/47
f 795/494/48 651/495/48 799/471/48
f 763/496/49 661/465/49 660/497/49
f 723/606/50 669/621/50 727/612/50
f 687/469/51 678/480/51 691/499/51
f 807/487/52 650/472/52 649/500/52
f 771/606/53 659/610/53 658/608/53
f 731/501/54 667/502/54 735/483/54
f 682/336/55 685/337/55 681/338/55
f 684/336/56 687/337/56 688/339/56
f 686/339/57 689/326/57 685/337/57
f 688/339/58 691/326/58 692/340/58
f 694/341/59 689/326/59 690/340/59
f 696/341/60 691/326/60 695/342/60
f 698/343/61 693/342/61 694/341/61
f 700/343/62 695/342/62 699/344/62
f 702/345/63 697/344/63 698/343/63
f 700/343/64 703/346/64 704/345/64
f 702/345/65 705/347/65 701/346/65
f 704/345/66 707/347/66 708/348/66
f 710/349/67 705/347/67 706/348/67
f 712/349/68 707/347/68 711/350/68
f 714/352/69 709/350/69 710/349/69
f 712/349/70 715/351/70 716/352/70
f 718/353/71 713/351/71 714/352/71
f 720/353/72 715/351/72 719/354/72
f 722/355/73 717/354/73 718/353/73
f 720/353/74 723/325/74 724/355/74
f 722/355/75 725/356/75 721/325/75
f 728/357/76 723/325/76 727/358/76
f 726/357/77 729/359/77 725/356/77
f 728/357/78 731/360/78 732/361/78
f 734/362/79 729/359/79 730/361/79
f 732/361/80 735/363/80 736/362/80
f 734/362/81 737/364/81 733/363/81
f 736/362/82 739/364/82 740/365/82
f 738/365/83 741/330/83 737/364/83
f 744/366/84 739/364/84 743/330/84
f 742/366/85 745/367/85 741/330/85
f 744/366/86 747/367/86 748/368/86
f 750/369/87 745/367/87 746/368/87
f 752/369/88 747/367/88 751/370/88
f 754/371/89 749/370/89 750/369/89
f 756/371/90 751/370/90 755/324/90
f 758/373/91 753/324/91 754/371/91
f 756/371/92 759/372/92 760/373/92
f 762/374/93 757/372/93 758/373/93
f 760/373/94 763/375/94 764/374/94
f 766/376/95 761/377/95 762/374/95
f 768/376/96 763/375/96 767/378/96
f 766/376/97 769/379/97 765/380/97
f 768/376/98 771/379/98 772/381/98
f 774/382/99 769/379/99 770/381/99
f 772/381/100 775/331/100 776/382/100
f 774/382/101 777/383/101 773/331/101
f 780/384/102 775/331/102 779/383/102
f 782/385/103 777/383/103 778/384/103
f 780/384/104 783/386/104 784/385/104
f 786/388/105 781/386/105 782/385/105
f 784/385/106 787/387/106 788/388/106
f 790/389/107 785/387/107 786/388/107
f 792/389/108 787/387/108 791/390/108
f 790/389/109 793/391/109 789/390/109
f 792/389/110 795/391/110 796/392/110
f 798/394/111 793/391/111 794/392/111
f 800/394/112 795/391/112 799/395/112
f 798/394/113 801/396/113 797/393/113
f 804/397/114 799/395/114 803/396/114
f 806/398/115 801/396/115 802/397/115
f 808/398/116 803/396/116 807/332/116
f 682/336/117 805/332/117 806/398/117
f 684/336/118 807/332/118 683/338/118
f 689/503/38 645/504/38 646/505/38
f 684/506/29 686/507/29 682/508/29
f 808/509/44 682/508/44 806/510/44
f 707/598/119 673/601/119 711/599/119
f 688/511/46 690/512/46 686/507/46
f 692/513/32 694/514/32 690/512/32
f 696/515/49 698/516/49 694/514/49
f 700/622/36 702/623/36 698/624/36
f 704/625/53 706/626/53 702/623/53
f 708/627/39 710/628/39 706/626/39
f 712/629/25 714/630/25 710/628/25
f 716/631/42 718/632/42 714/630/42
f 720/633/28 722/634/28 718/632/28
f 724/635/45 726/636/45 722/634/45
f 728/637/31 730/638/31 726/636/31
f 732/534/48 734/514/48 730/516/48
f 736/515/35 738/512/35 734/514/35
f 740/513/52 742/507/52 738/512/52
f 744/511/43 746/508/43 742/507/43
f 748/506/34 750/510/34 746/508/34
f 752/509/51 754/535/51 750/510/51
f 756/536/38 758/537/38 754/535/38
f 760/538/24 762/539/24 758/537/24
f 764/639/41 766/636/41 762/638/41
f 768/637/27 770/634/27 766/636/27
f 772/635/119 774/632/119 770/634/119
f 776/633/30 778/630/30 774/632/30
f 780/631/47 782/628/47 778/630/47
f 784/629/33 786/626/33 782/628/33
f 788/627/50 790/623/50 786/626/50
f 792/625/37 794/624/37 790/623/37
f 796/541/54 798/537/54 794/539/54
f 800/538/40 802/535/40 798/537/40
f 804/536/26 806/510/26 802/535/26
f 685/542/34 647/543/34 681/544/34
f 765/640/36 628/641/36 761/642/36
f 797/548/35 618/549/35 619/550/35
f 717/643/33 638/644/33 639/645/33
f 757/554/32 630/555/32 753/556/32
f 793/646/31 621/647/31 789/648/31
f 709/649/30 640/650/30 641/651/30
f 749/563/29 632/543/29 745/544/29
f 785/652/28 623/651/28 781/653/28
f 705/652/27 643/647/27 701/654/27
f 741/567/26 634/568/26 737/569/26
f 777/655/25 625/645/25 773/656/25
f 697/572/24 645/504/24 693/573/24
f 729/574/54 635/575/54 636/576/54
f 769/657/53 627/658/53 765/640/53
f 805/578/52 618/549/52 801/579/52
f 689/503/51 648/580/51 685/542/51
f 721/657/50 637/618/50 638/644/50
f 761/582/49 629/583/49 757/554/49
f 797/548/48 620/584/48 793/582/48
f 717/643/47 640/650/47 713/659/47
f 749/563/46 630/555/46 631/586/46
f 789/648/45 622/660/45 785/652/45
f 709/649/119 642/660/119 705/652/119
f 745/544/44 633/588/44 741/567/44
f 777/655/42 623/651/42 624/661/42
f 697/646/41 643/647/41 644/662/41
f 805/578/43 647/543/43 617/591/43
f 737/569/40 635/575/40 733/592/40
f 769/657/39 625/645/39 626/644/39
f 119/83/24 101/123/24 100/84/24
f 199/86/25 81/109/25 80/87/25
f 167/89/26 163/125/26 90/90/26
f 127/92/27 99/103/27 98/93/27
f 207/95/28 79/100/28 78/93/28
f 175/96/29 171/127/29 88/97/29
f 139/99/30 135/220/30 97/100/30
f 219/102/31 215/137/31 77/103/31
f 183/105/32 179/138/32 86/106/32
f 147/108/33 143/139/33 95/109/33
f 111/111/34 107/127/34 104/97/34
f 223/113/35 75/141/35 74/114/35
f 187/116/36 84/947/36 83/117/36
f 151/119/37 93/144/37 92/120/37
f 119/83/38 115/145/38 102/122/38
f 199/86/39 195/108/39 82/110/39
f 159/124/40 91/148/40 90/90/40
f 123/102/41 100/104/41 99/103/41
f 207/95/42 203/88/42 80/87/42
f 231/126/43 73/146/43 104/97/43
f 167/89/44 89/91/44 88/97/44
f 102/130/3 103/150/3 104/151/3
f 104/151/3 73/136/3 74/209/3
f 74/209/3 75/208/3 76/205/3
f 76/205/3 77/203/3 78/200/3
f 78/200/3 79/199/3 80/196/3
f 80/196/3 81/135/3 82/192/3
f 82/192/3 83/191/3 84/188/3
f 84/188/3 85/186/3 86/128/3
f 86/128/3 87/183/3 88/180/3
f 88/180/3 89/134/3 90/177/3
f 90/177/3 91/176/3 92/173/3
f 92/173/3 93/170/3 94/129/3
f 94/129/3 95/166/3 96/164/3
f 96/164/3 97/162/3 98/160/3
f 98/160/3 99/158/3 100/157/3
f 100/157/3 101/155/3 102/130/3
f 102/130/3 104/151/3 74/209/3
f 74/209/3 76/205/3 78/200/3
f 78/200/3 80/196/3 82/192/3
f 82/192/3 84/188/3 86/128/3
f 86/128/3 88/180/3 90/177/3
f 90/177/3 92/173/3 94/129/3
f 94/129/3 96/164/3 98/160/3
f 98/160/3 100/157/3 102/130/3
f 102/130/3 74/209/3 78/200/3
f 78/200/3 82/192/3 86/128/3
f 86/128/3 90/177/3 94/129/3
f 94/129/3 98/160/3 102/130/3
f 102/130/3 78/200/3 86/128/3
f 153/131/37 60/948/37 61/132/37
f 41/136/13 71/151/13 72/150/13
f 72/150/13 70/130/13 69/155/13
f 69/155/13 68/157/13 67/158/13
f 67/158/13 66/160/13 65/162/13
f 65/162/13 64/164/13 63/166/13
f 63/166/13 62/129/13 61/172/13
f 61/172/13 60/171/13 59/176/13
f 59/176/13 58/177/13 57/134/13
f 57/134/13 56/180/13 55/183/13
f 55/183/13 54/128/13 53/186/13
f 53/186/13 52/190/13 51/193/13
f 51/193/13 50/192/13 49/135/13
f 49/135/13 48/196/13 47/199/13
f 47/199/13 46/200/13 45/203/13
f 45/203/13 44/205/13 43/206/13
f 43/206/13 42/209/13 41/136/13
f 41/136/13 72/150/13 69/155/13
f 69/155/13 67/158/13 65/162/13
f 65/162/13 63/166/13 61/172/13
f 61/172/13 59/176/13 57/134/13
f 57/134/13 55/183/13 53/186/13
f 53/186/13 51/193/13 49/135/13
f 49/135/13 47/199/13 45/203/13
f 45/203/13 43/206/13 41/136/13
f 41/136/13 69/155/13 65/162/13
f 65/162/13 61/172/13 57/134/13
f 57/134/13 53/186/13 49/135/13
f 49/135/13 45/203/13 41/136/13
f 41/136/13 65/162/13 57/134/13
f 211/94/45 78/93/45 77/103/45
f 175/96/46 87/98/46 86/106/46
f 139/99/47 96/101/47 95/109/47
f 219/140/48 76/949/48 75/141/48
f 187/142/49 183/105/49 85/107/49
f 147/108/50 94/110/50 93/144/50
f 111/111/51 103/112/51 102/122/51
f 231/126/52 227/115/52 74/114/52
f 195/108/53 191/118/53 83/117/53
f 155/147/54 92/950/54 91/148/54
f 106/149/55 110/152/55 109/150/55
f 108/149/56 107/151/56 111/150/56
f 110/152/57 114/153/57 113/130/57
f 116/153/58 112/152/58 111/150/58
f 118/154/59 117/155/59 113/130/59
f 120/154/60 116/153/60 115/130/60
f 122/156/61 121/157/61 117/155/61
f 120/154/62 119/155/62 123/157/62
f 122/156/63 126/159/63 125/158/63
f 124/156/64 123/157/64 127/158/64
f 126/159/65 130/161/65 129/160/65
f 128/159/66 127/158/66 131/160/66
f 130/161/67 134/163/67 133/162/67
f 136/163/68 132/161/68 131/160/68
f 134/163/69 138/165/69 137/164/69
f 136/163/70 135/162/70 139/164/70
f 138/165/71 142/167/71 141/166/71
f 144/167/72 140/165/72 139/164/72
f 146/168/73 145/129/73 141/166/73
f 148/168/74 144/167/74 143/166/74
f 150/169/75 149/172/75 145/129/75
f 152/169/76 148/168/76 147/129/76
f 150/169/77 154/174/77 153/171/77
f 152/169/78 151/170/78 155/173/78
f 158/175/79 157/176/79 153/171/79
f 156/174/80 155/173/80 159/176/80
f 158/175/81 162/178/81 161/177/81
f 160/175/82 159/176/82 163/177/82
f 166/179/83 165/134/83 161/177/83
f 164/178/84 163/177/84 167/134/84
f 166/179/85 170/181/85 169/180/85
f 168/179/86 167/134/86 171/180/86
f 174/182/87 173/183/87 169/180/87
f 176/182/88 172/181/88 171/180/88
f 178/184/89 177/128/89 173/183/89
f 180/184/90 176/182/90 175/183/90
f 182/185/91 181/186/91 177/128/91
f 184/185/92 180/184/92 179/128/92
f 186/187/93 185/190/93 181/186/93
f 184/185/94 183/186/94 187/188/94
f 190/189/95 189/193/95 185/190/95
f 192/189/96 188/187/96 187/188/96
f 190/189/97 194/194/97 193/192/97
f 196/194/98 192/189/98 191/191/98
f 198/195/99 197/135/99 193/192/99
f 196/194/100 195/192/100 199/135/100
f 198/195/101 202/197/101 201/196/101
f 204/197/102 200/195/102 199/135/102
f 206/198/103 205/199/103 201/196/103
f 208/198/104 204/197/104 203/196/104
f 206/198/105 210/201/105 209/200/105
f 212/201/106 208/198/106 207/199/106
f 214/202/107 213/203/107 209/200/107
f 216/202/108 212/201/108 211/200/108
f 218/204/109 217/205/109 213/203/109
f 216/202/110 215/203/110 219/205/110
f 218/204/111 222/207/111 221/206/111
f 224/207/112 220/204/112 219/205/112
f 222/207/113 226/210/113 225/209/113
f 228/210/114 224/207/114 223/208/114
f 230/211/115 229/136/115 225/209/115
f 228/210/116 227/209/116 231/136/116
f 106/149/117 105/151/117 229/136/117
f 108/149/118 232/211/118 231/136/118
f 113/212/38 117/283/38 69/213/38
f 108/215/29 112/221/29 110/216/29
f 232/218/44 108/215/44 106/217/44
f 131/94/119 98/93/119 97/100/119
f 112/221/46 116/223/46 114/222/46
f 116/223/32 120/225/32 118/224/32
f 120/225/49 124/244/49 122/226/49
f 124/227/36 128/230/36 126/228/36
f 128/230/53 132/232/53 130/231/53
f 132/232/39 136/234/39 134/233/39
f 136/234/25 140/236/25 138/235/25
f 140/236/42 144/238/42 142/237/42
f 144/238/28 148/240/28 146/239/28
f 148/240/45 152/242/45 150/241/45
f 152/242/31 156/250/31 154/243/31
f 156/244/48 160/225/48 158/224/48
f 160/225/35 164/223/35 162/222/35
f 164/223/52 168/221/52 166/216/52
f 168/221/43 172/215/43 170/217/43
f 172/215/34 176/218/34 174/219/34
f 176/218/51 180/246/51 178/245/51
f 180/246/38 184/248/38 182/247/38
f 184/248/24 188/251/24 186/249/24
f 188/250/41 192/242/41 190/241/41
f 192/242/27 196/240/27 194/239/27
f 196/240/119 200/238/119 198/237/119
f 200/238/30 204/236/30 202/235/30
f 204/236/47 208/234/47 206/233/47
f 208/234/33 212/232/33 210/231/33
f 212/232/50 216/230/50 214/228/50
f 216/230/37 220/227/37 218/229/37
f 220/251/54 224/248/54 222/247/54
f 224/248/40 228/246/40 226/245/40
f 228/246/26 232/218/26 230/219/26
f 109/252/34 72/290/34 71/253/34
f 189/255/36 51/287/36 52/256/36
f 221/258/35 225/289/35 42/259/35
f 145/261/33 62/291/33 63/262/33
f 181/264/32 53/293/32 54/265/32
f 217/267/31 44/300/31 45/268/31
f 133/270/30 137/295/30 64/271/30
f 173/273/29 55/296/29 56/253/29
f 209/274/28 46/297/28 47/272/28
f 129/274/27 66/297/27 67/268/27
f 165/277/26 57/298/26 58/278/26
f 201/280/25 48/299/25 49/262/25
f 121/282/24 68/951/24 69/213/24
f 153/284/54 157/302/54 59/285/54
f 193/261/53 50/291/53 51/287/53
f 229/288/52 41/301/52 42/259/52
f 113/212/51 70/214/51 72/290/51
f 145/261/50 149/133/50 61/132/50
f 185/292/49 52/294/49 53/293/49
f 221/258/48 43/260/48 44/294/48
f 141/263/47 63/262/47 64/271/47
f 173/273/46 177/266/46 54/265/46
f 213/269/45 45/268/45 46/297/45
f 133/270/119 65/272/119 66/297/119
f 169/254/44 56/253/44 57/298/44
f 201/280/42 205/275/42 47/272/42
f 121/267/41 125/276/41 67/268/41
f 229/288/43 105/254/43 71/253/43
f 161/279/40 58/278/40 59/285/40
f 193/261/39 197/281/39 49/262/39
f 311/83/24 293/123/24 292/84/24
f 391/303/25 273/317/25 272/304/25
f 359/89/26 355/125/26 282/90/26
f 319/306/27 291/314/27 290/307/27
f 399/309/28 271/311/28 270/307/28
f 367/96/29 363/127/29 280/97/29
f 331/310/30 327/399/30 289/311/30
f 411/313/31 407/333/31 269/314/31
f 375/105/32 371/138/32 278/106/32
f 339/316/33 335/334/33 287/317/33
f 303/111/34 299/127/34 296/97/34
f 415/113/35 267/141/35 266/114/35
f 379/319/36 276/323/36 275/320/36
f 343/322/37 285/335/37 284/323/37
f 311/83/38 307/145/38 294/122/38
f 387/316/39 274/318/39 273/317/39
f 351/124/40 283/148/40 282/90/40
f 315/313/41 292/315/41 291/314/41
f 399/309/42 395/305/42 272/304/42
f 423/126/43 265/146/43 296/97/43
f 359/89/44 281/91/44 280/97/44
f 294/326/3 295/337/3 296/338/3
f 296/338/3 265/332/3 266/396/3
f 266/396/3 267/395/3 268/391/3
f 268/391/3 269/390/3 270/387/3
f 270/387/3 271/386/3 272/383/3
f 272/383/3 273/331/3 274/379/3
f 274/379/3 275/378/3 276/375/3
f 276/375/3 277/372/3 278/324/3
f 278/324/3 279/370/3 280/367/3
f 280/367/3 281/330/3 282/364/3
f 282/364/3 283/363/3 284/360/3
f 284/360/3 285/358/3 286/325/3
f 286/325/3 287/354/3 288/351/3
f 288/351/3 289/350/3 290/347/3
f 290/347/3 291/346/3 292/344/3
f 292/344/3 293/342/3 294/326/3
f 294/326/3 296/338/3 266/396/3
f 266/396/3 268/391/3 270/387/3
f 270/387/3 272/383/3 274/379/3
f 274/379/3 276/375/3 278/324/3
f 278/324/3 280/367/3 282/364/3
f 282/364/3 284/360/3 286/325/3
f 286/325/3 288/351/3 290/347/3
f 290/347/3 292/344/3 294/326/3
f 294/326/3 266/396/3 270/387/3
f 270/387/3 274/379/3 278/324/3
f 278/324/3 282/364/3 286/325/3
f 286/325/3 290/347/3 294/326/3
f 294/326/3 270/387/3 278/324/3
f 345/327/37 252/952/37 253/328/37
f 233/332/13 263/338/13 264/337/13
f 264/337/13 262/326/13 261/342/13
f 261/342/13 260/344/13 259/346/13
f 259/346/13 258/347/13 257/350/13
f 257/350/13 256/351/13 255/354/13
f 255/354/13 254/325/13 253/356/13
f 253/356/13 252/359/13 251/363/13
f 251/363/13 250/364/13 249/330/13
f 249/330/13 248/367/13 247/370/13
f 247/370/13 246/324/13 245/372/13
f 245/372/13 244/377/13 243/380/13
f 243/380/13 242/379/13 241/331/13
f 241/331/13 240/383/13 239/386/13
f 239/386/13 238/387/13 237/390/13
f 237/390/13 236/391/13 235/393/13
f 235/393/13 234/396/13 233/332/13
f 233/332/13 264/337/13 261/342/13
f 261/342/13 259/346/13 257/350/13
f 257/350/13 255/354/13 253/356/13
f 253/356/13 251/363/13 249/330/13
f 249/330/13 247/370/13 245/372/13
f 245/372/13 243/380/13 241/331/13
f 241/331/13 239/386/13 237/390/13
f 237/390/13 235/393/13 233/332/13
f 233/332/13 261/342/13 257/350/13
f 257/350/13 253/356/13 249/330/13
f 249/330/13 245/372/13 241/331/13
f 241/331/13 237/390/13 233/332/13
f 233/332/13 257/350/13 249/330/13
f 403/308/45 270/307/45 269/314/45
f 367/96/46 279/98/46 278/106/46
f 331/310/47 288/312/47 287/317/47
f 411/140/48 268/949/48 267/141/48
f 379/142/49 375/105/49 277/107/49
f 339/316/50 286/318/50 285/335/50
f 303/111/51 295/112/51 294/122/51
f 423/126/52 419/115/52 266/114/52
f 387/316/53 383/321/53 275/320/53
f 347/147/54 284/950/54 283/148/54
f 298/336/55 302/339/55 301/337/55
f 300/336/56 299/338/56 303/337/56
f 302/339/57 306/340/57 305/326/57
f 304/339/58 303/337/58 307/326/58
f 310/341/59 309/342/59 305/326/59
f 312/341/60 308/340/60 307/326/60
f 314/343/61 313/344/61 309/342/61
f 316/343/62 312/341/62 311/342/62
f 318/345/63 317/346/63 313/344/63
f 320/345/64 316/343/64 315/344/64
f 318/345/65 322/348/65 321/347/65
f 320/345/66 319/346/66 323/347/66
f 326/349/67 325/350/67 321/347/67
f 324/348/68 323/347/68 327/350/68
f 326/349/69 330/352/69 329/351/69
f 328/349/70 327/350/70 331/351/70
f 334/353/71 333/354/71 329/351/71
f 336/353/72 332/352/72 331/351/72
f 338/355/73 337/325/73 333/354/73
f 336/353/74 335/354/74 339/325/74
f 338/355/75 342/357/75 341/356/75
f 344/357/76 340/355/76 339/325/76
f 342/357/77 346/361/77 345/359/77
f 344/357/78 343/358/78 347/360/78
f 350/362/79 349/363/79 345/359/79
f 348/361/80 347/360/80 351/363/80
f 350/362/81 354/365/81 353/364/81
f 352/362/82 351/363/82 355/364/82
f 358/366/83 357/330/83 353/364/83
f 356/365/84 355/364/84 359/330/84
f 358/366/85 362/368/85 361/367/85
f 360/366/86 359/330/86 363/367/86
f 366/369/87 365/370/87 361/367/87
f 368/369/88 364/368/88 363/367/88
f 370/371/89 369/324/89 365/370/89
f 372/371/90 368/369/90 367/370/90
f 370/371/91 374/373/91 373/372/91
f 376/373/92 372/371/92 371/324/92
f 378/374/93 377/377/93 373/372/93
f 376/373/94 375/372/94 379/375/94
f 382/376/95 381/380/95 377/377/95
f 384/376/96 380/374/96 379/375/96
f 382/376/97 386/381/97 385/379/97
f 388/381/98 384/376/98 383/378/98
f 386/381/99 390/382/99 389/331/99
f 388/381/100 387/379/100 391/331/100
f 390/382/101 394/384/101 393/383/101
f 396/384/102 392/382/102 391/331/102
f 398/385/103 397/386/103 393/383/103
f 400/385/104 396/384/104 395/383/104
f 398/385/105 402/388/105 401/387/105
f 400/385/106 399/386/106 403/387/106
f 406/389/107 405/390/107 401/387/107
f 408/389/108 404/388/108 403/387/108
f 406/389/109 410/392/109 409/391/109
f 408/389/110 407/390/110 411/391/110
f 410/392/111 414/394/111 413/393/111
f 416/394/112 412/392/112 411/391/112
f 414/394/113 418/397/113 417/396/113
f 416/394/114 415/395/114 419/396/114
f 422/398/115 421/332/115 417/396/115
f 420/397/116 419/396/116 423/332/116
f 298/336/117 297/338/117 421/332/117
f 300/336/118 424/398/118 423/332/118
f 305/212/38 309/283/38 261/213/38
f 300/215/29 304/221/29 302/216/29
f 424/218/44 300/215/44 298/217/44
f 323/308/119 290/307/119 289/311/119
f 304/221/46 308/223/46 306/222/46
f 308/223/32 312/225/32 310/224/32
f 312/225/49 316/244/49 314/226/49
f 316/400/36 320/403/36 318/401/36
f 320/403/53 324/405/53 322/404/53
f 324/405/39 328/407/39 326/406/39
f 328/407/25 332/409/25 330/408/25
f 332/409/42 336/411/42 334/410/42
f 336/411/28 340/413/28 338/412/28
f 340/413/45 344/415/45 342/414/45
f 344/415/31 348/417/31 346/416/31
f 348/244/48 352/225/48 350/224/48
f 352/225/35 356/223/35 354/222/35
f 356/223/52 360/221/52 358/216/52
f 360/221/43 364/215/43 362/217/43
f 364/215/34 368/218/34 366/219/34
f 368/218/51 372/246/51 370/245/51
f 372/246/38 376/248/38 374/247/38
f 376/248/24 380/251/24 378/249/24
f 380/417/41 384/415/41 382/414/41
f 384/415/27 388/413/27 386/412/27
f 388/413/119 392/411/119 390/410/119
f 392/411/30 396/409/30 394/408/30
f 396/409/47 400/407/47 398/406/47
f 400/407/33 404/405/33 402/404/33
f 404/405/50 408/403/50 406/401/50
f 408/403/37 412/400/37 410/402/37
f 412/251/54 416/248/54 414/247/54
f 416/248/40 420/246/40 418/245/40
f 420/246/26 424/218/26 422/219/26
f 301/252/34 264/290/34 263/253/34
f 381/418/36 243/436/36 244/419/36
f 413/258/35 417/289/35 234/259/35
f 333/421/33 337/435/33 254/422/33
f 373/264/32 245/293/32 246/265/32
f 409/424/31 236/440/31 237/425/31
f 325/427/30 329/437/30 256/428/30
f 365/273/29 247/296/29 248/253/29
f 401/430/28 238/438/28 239/429/28
f 321/430/27 258/438/27 259/425/27
f 357/277/26 249/298/26 250/278/26
f 393/433/25 240/439/25 241/423/25
f 313/282/24 260/951/24 261/213/24
f 345/284/54 349/302/54 251/285/54
f 385/435/53 242/422/53 243/436/53
f 421/288/52 233/301/52 234/259/52
f 305/212/51 262/214/51 264/290/51
f 337/435/50 341/329/50 253/328/50
f 377/292/49 244/294/49 245/293/49
f 413/258/48 235/260/48 236/294/48
f 333/421/47 255/423/47 256/428/47
f 365/273/46 369/266/46 246/265/46
f 405/426/45 237/425/45 238/438/45
f 325/427/119 257/429/119 258/438/119
f 361/254/44 248/253/44 249/298/44
f 393/433/42 397/431/42 239/429/42
f 313/424/41 317/432/41 259/425/41
f 421/288/43 297/254/43 263/253/43
f 353/279/40 250/278/40 251/285/40
f 385/435/39 389/434/39 241/423/39
f 503/441/24 485/481/24 484/442/24
f 583/444/25 465/482/25 464/445/25
f 551/447/26 547/484/26 474/448/26
f 511/450/27 483/485/27 482/451/27
f 591/453/28 463/486/28 462/451/28
f 559/454/29 555/488/29 472/455/29
f 523/457/30 519/453/30 481/458/30
f 603/460/31 599/492/31 461/461/31
f 567/463/32 563/493/32 470/464/32
f 531/466/33 527/444/33 479/467/33
f 495/469/34 491/488/34 488/455/34
f 607/471/35 459/495/35 458/472/35
f 571/474/36 468/953/36 467/475/36
f 535/477/37 477/498/37 476/478/37
f 503/441/38 499/499/38 486/480/38
f 583/444/39 579/466/39 466/468/39
f 543/483/40 475/502/40 474/448/40
f 507/460/41 484/462/41 483/485/41
f 591/453/42 587/446/42 464/445/42
f 615/487/43 457/500/43 488/455/43
f 551/447/44 473/449/44 472/455/44
f 486/130/3 487/150/3 488/151/3
f 488/151/3 457/136/3 458/209/3
f 458/209/3 459/208/3 460/205/3
f 460/205/3 461/203/3 462/200/3
f 462/200/3 463/199/3 464/196/3
f 464/196/3 465/135/3 466/192/3
f 466/192/3 467/191/3 468/188/3
f 468/188/3 469/186/3 470/128/3
f 470/128/3 471/183/3 472/180/3
f 472/180/3 473/134/3 474/177/3
f 474/177/3 475/176/3 476/173/3
f 476/173/3 477/170/3 478/129/3
f 478/129/3 479/166/3 480/164/3
f 480/164/3 481/162/3 482/160/3
f 482/160/3 483/158/3 484/157/3
f 484/157/3 485/155/3 486/130/3
f 486/130/3 488/151/3 458/209/3
f 458/209/3 460/205/3 462/200/3
f 462/200/3 464/196/3 466/192/3
f 466/192/3 468/188/3 470/128/3
f 470/128/3 472/180/3 474/177/3
f 474/177/3 476/173/3 478/129/3
f 478/129/3 480/164/3 482/160/3
f 482/160/3 484/157/3 486/130/3
f 486/130/3 458/209/3 462/200/3
f 462/200/3 466/192/3 470/128/3
f 470/128/3 474/177/3 478/129/3
f 478/129/3 482/160/3 486/130/3
f 486/130/3 462/200/3 470/128/3
f 537/489/37 444/954/37 445/490/37
f 425/136/13 455/151/13 456/150/13
f 456/150/13 454/130/13 453/155/13
f 453/155/13 452/157/13 451/158/13
f 451/158/13 450/160/13 449/162/13
f 449/162/13 448/164/13 447/166/13
f 447/166/13 446/129/13 445/172/13
f 445/172/13 444/171/13 443/176/13
f 443/176/13 442/177/13 441/134/13
f 441/134/13 440/180/13 439/183/13
f 439/183/13 438/128/13 437/186/13
f 437/186/13 436/190/13 435/193/13
f 435/193/13 434/192/13 433/135/13
f 433/135/13 432/196/13 431/199/13
f 431/199/13 430/200/13 429/203/13
f 429/203/13 428/205/13 427/206/13
f 427/206/13 426/209/13 425/136/13
f 425/136/13 456/150/13 453/155/13
f 453/155/13 451/158/13 449/162/13
f 449/162/13 447/166/13 445/172/13
f 445/172/13 443/176/13 441/134/13
f 441/134/13 439/183/13 437/186/13
f 437/186/13 435/193/13 433/135/13
f 433/135/13 431/199/13 429/203/13
f 429/203/13 427/206/13 425/136/13
f 425/136/13 453/155/13 449/162/13
f 449/162/13 445/172/13 441/134/13
f 441/134/13 437/186/13 433/135/13
f 433/135/13 429/203/13 425/136/13
f 425/136/13 449/162/13 441/134/13
f 595/452/45 462/451/45 461/461/45
f 559/454/46 471/456/46 470/464/46
f 523/457/47 480/459/47 479/467/47
f 603/494/48 460/955/48 459/495/48
f 571/496/49 567/463/49 469/465/49
f 531/466/50 478/468/50 477/498/50
f 495/469/51 487/470/51 486/480/51
f 615/487/52 611/473/52 458/472/52
f 579/466/53 575/476/53 467/475/53
f 539/501/54 476/956/54 475/502/54
f 490/149/55 494/152/55 493/150/55
f 492/149/56 491/151/56 495/150/56
f 494/152/57 498/153/57 497/130/57
f 500/153/58 496/152/58 495/150/58
f 502/154/59 501/155/59 497/130/59
f 504/154/60 500/153/60 499/130/60
f 506/156/61 505/157/61 501/155/61
f 504/154/62 503/155/62 507/157/62
f 506/156/63 510/159/63 509/158/63
f 508/156/64 507/157/64 511/158/64
f 510/159/65 514/161/65 513/160/65
f 512/159/66 511/158/66 515/160/66
f 518/163/67 517/162/67 513/160/67
f 520/163/68 516/161/68 515/160/68
f 518/163/69 522/165/69 521/164/69
f 520/163/70 519/162/70 523/164/70
f 522/165/71 526/167/71 525/166/71
f 528/167/72 524/165/72 523/164/72
f 526/167/73 530/168/73 529/129/73
f 532/168/74 528/167/74 527/166/74
f 530/168/75 534/169/75 533/172/75
f 532/168/76 531/129/76 535/170/76
f 538/174/77 537/171/77 533/172/77
f 536/169/78 535/170/78 539/173/78
f 542/175/79 541/176/79 537/171/79
f 540/174/80 539/173/80 543/176/80
f 542/175/81 546/178/81 545/177/81
f 544/175/82 543/176/82 547/177/82
f 550/179/83 549/134/83 545/177/83
f 548/178/84 547/177/84 551/134/84
f 550/179/85 554/181/85 553/180/85
f 552/179/86 551/134/86 555/180/86
f 558/182/87 557/183/87 553/180/87
f 560/182/88 556/181/88 555/180/88
f 562/184/89 561/128/89 557/183/89
f 560/182/90 559/183/90 563/128/90
f 566/185/91 565/186/91 561/128/91
f 568/185/92 564/184/92 563/128/92
f 570/187/93 569/190/93 565/186/93
f 568/185/94 567/186/94 571/188/94
f 574/189/95 573/193/95 569/190/95
f 572/187/96 571/188/96 575/191/96
f 574/189/97 578/194/97 577/192/97
f 580/194/98 576/189/98 575/191/98
f 578/194/99 582/195/99 581/135/99
f 580/194/100 579/192/100 583/135/100
f 582/195/101 586/197/101 585/196/101
f 588/197/102 584/195/102 583/135/102
f 590/198/103 589/199/103 585/196/103
f 592/198/104 588/197/104 587/196/104
f 590/198/105 594/201/105 593/200/105
f 596/201/106 592/198/106 591/199/106
f 598/202/107 597/203/107 593/200/107
f 600/202/108 596/201/108 595/200/108
f 602/204/109 601/205/109 597/203/109
f 604/204/110 600/202/110 599/203/110
f 602/204/111 606/207/111 605/206/111
f 608/207/112 604/204/112 603/205/112
f 606/207/113 610/210/113 609/209/113
f 612/210/114 608/207/114 607/208/114
f 610/210/115 614/211/115 613/136/115
f 612/210/116 611/209/116 615/136/116
f 490/149/117 489/151/117 613/136/117
f 492/149/118 616/211/118 615/136/118
f 497/503/38 501/573/38 453/504/38
f 492/506/29 496/511/29 494/507/29
f 616/509/44 492/506/44 490/508/44
f 515/452/119 482/451/119 481/458/119
f 496/511/46 500/513/46 498/512/46
f 500/513/32 504/515/32 502/514/32
f 504/515/49 508/534/49 506/516/49
f 508/517/36 512/520/36 510/518/36
f 512/520/53 516/522/53 514/521/53
f 516/522/39 520/524/39 518/523/39
f 520/524/25 524/526/25 522/525/25
f 524/526/42 528/528/42 526/527/42
f 528/528/28 532/530/28 530/529/28
f 532/530/45 536/532/45 534/531/45
f 536/532/31 540/540/31 538/533/31
f 540/534/48 544/515/48 542/514/48
f 544/515/35 548/513/35 546/512/35
f 548/513/52 552/511/52 550/507/52
f 552/511/43 556/506/43 554/508/43
f 556/506/34 560/509/34 558/510/34
f 560/509/51 564/536/51 562/535/51
f 564/536/38 568/538/38 566/537/38
f 568/538/24 572/541/24 570/539/24
f 572/540/41 576/532/41 574/531/41
f 576/532/27 580/530/27 578/529/27
f 580/530/119 584/528/119 582/527/119
f 584/528/30 588/526/30 586/525/30
f 588/526/47 592/524/47 590/523/47
f 592/524/33 596/522/33 594/521/33
f 596/522/50 600/520/50 598/518/50
f 600/520/37 604/517/37 602/519/37
f 604/541/54 608/538/54 606/537/54
f 608/538/40 612/536/40 610/535/40
f 612/536/26 616/509/26 614/510/26
f 493/542/34 456/580/34 455/543/34
f 573/545/36 435/577/36 436/546/36
f 605/548/35 609/579/35 426/549/35
f 529/551/33 446/581/33 447/552/33
f 565/554/32 437/583/32 438/555/32
f 601/557/31 428/590/31 429/558/31
f 517/560/30 521/585/30 448/561/30
f 557/563/29 439/586/29 440/543/29
f 593/564/28 430/587/28 431/562/28
f 513/564/27 450/587/27 451/558/27
f 549/567/26 441/588/26 442/568/26
f 585/570/25 432/589/25 433/552/25
f 505/572/24 452/957/24 453/504/24
f 537/574/54 541/592/54 443/575/54
f 577/551/53 434/581/53 435/577/53
f 613/578/52 425/591/52 426/549/52
f 497/503/51 454/505/51 456/580/51
f 529/551/50 533/491/50 445/490/50
f 569/582/49 436/584/49 437/583/49
f 605/548/48 427/550/48 428/584/48
f 525/553/47 447/552/47 448/561/47
f 557/563/46 561/556/46 438/555/46
f 597/559/45 429/558/45 430/587/45
f 517/560/119 449/562/119 450/587/119
f 553/544/44 440/543/44 441/588/44
f 585/570/42 589/565/42 431/562/42
f 505/557/41 509/566/41 451/558/41
f 613/578/43 489/544/43 455/543/43
f 545/569/40 442/568/40 443/575/40
f 577/551/39 581/571/39 433/552/39
f 695/441/24 677/481/24 676/442/24
f 775/593/25 657/614/25 656/594/25
f 743/447/26 739/484/26 666/448/26
f 703/596/27 675/615/27 674/597/27
f 783/599/28 655/616/28 654/597/28
f 751/454/29 747/488/29 664/455/29
f 715/600/30 711/599/30 673/601/30
f 795/603/31 791/620/31 653/604/31
f 759/463/32 755/493/32 662/464/32
f 723/606/33 719/593/33 671/607/33
f 687/469/34 683/488/34 680/455/34
f 799/471/35 651/495/35 650/472/35
f 763/609/36 660/613/36 659/610/36
f 727/612/37 669/621/37 668/613/37
f 695/441/38 691/499/38 678/480/38
f 771/606/39 658/608/39 657/614/39
f 735/483/40 667/502/40 666/448/40
f 699/603/41 676/605/41 675/615/41
f 783/599/42 779/595/42 656/594/42
f 807/487/43 649/500/43 680/455/43
f 743/447/44 665/449/44 664/455/44
f 678/326/3 679/337/3 680/338/3
f 680/338/3 649/332/3 650/396/3
f 650/396/3 651/395/3 652/391/3
f 652/391/3 653/390/3 654/387/3
f 654/387/3 655/386/3 656/383/3
f 656/383/3 657/331/3 658/379/3
f 658/379/3 659/378/3 660/375/3
f 660/375/3 661/372/3 662/324/3
f 662/324/3 663/370/3 664/367/3
f 664/367/3 665/330/3 666/364/3
f 666/364/3 667/363/3 668/360/3
f 668/360/3 669/358/3 670/325/3
f 670/325/3 671/354/3 672/351/3
f 672/351/3 673/350/3 674/347/3
f 674/347/3 675/346/3 676/344/3
f 676/344/3 677/342/3 678/326/3
f 678/326/3 680/338/3 650/396/3
f 650/396/3 652/391/3 654/387/3
f 654/387/3 656/383/3 658/379/3
f 658/379/3 660/375/3 662/324/3
f 662/324/3 664/367/3 666/364/3
f 666/364/3 668/360/3 670/325/3
f 670/325/3 672/351/3 674/347/3
f 674/347/3 676/344/3 678/326/3
f 678/326/3 650/396/3 654/387/3
f 654/387/3 658/379/3 662/324/3
f 662/324/3 666/364/3 670/325/3
f 670/325/3 674/347/3 678/326/3
f 678/326/3 654/387/3 662/324/3
f 729/617/37 636/958/37 637/618/37
f 617/332/13 647/338/13 648/337/13
f 648/337/13 646/326/13 645/342/13
f 645/342/13 644/344/13 643/346/13
f 643/346/13 642/347/13 641/350/13
f 641/350/13 640/351/13 639/354/13
f 639/354/13 638/325/13 637/356/13
f 637/356/13 636/359/13 635/363/13
f 635/363/13 634/364/13 633/330/13
f 633/330/13 632/367/13 631/370/13
f 631/370/13 630/324/13 629/372/13
f 629/372/13 628/377/13 627/380/13
f 627/380/13 626/379/13 625/331/13
f 625/331/13 624/383/13 623/386/13
f 623/386/13 622/387/13 621/390/13
f 621/390/13 620/391/13 619/393/13
f 619/393/13 618/396/13 617/332/13
f 617/332/13 648/337/13 645/342/13
f 645/342/13 643/346/13 641/350/13
f 641/350/13 639/354/13 637/356/13
f 637/356/13 635/363/13 633/330/13
f 633/330/13 631/370/13 629/372/13
f 629/372/13 627/380/13 625/331/13
f 625/331/13 623/386/13 621/390/13
f 621/390/13 619/393/13 617/332/13
f 617/332/13 645/342/13 641/350/13
f 641/350/13 637/356/13 633/330/13
f 633/330/13 629/372/13 625/331/13
f 625/331/13 621/390/13 617/332/13
f 617/332/13 641/350/13 633/330/13
f 787/598/45 654/597/45 653/604/45
f 751/454/46 663/456/46 662/464/46
f 715/600/47 672/602/47 671/607/47
f 795/494/48 652/955/48 651/495/48
f 763/496/49 759/463/49 661/465/49
f 723/606/50 670/608/50 669/621/50
f 687/469/51 679/470/51 678/480/51
f 807/487/52 803/473/52 650/472/52
f 771/606/53 767/611/53 659/610/53
f 731/501/54 668/956/54 667/502/54
f 682/336/55 686/339/55 685/337/55
f 684/336/56 683/338/56 687/337/56
f 686/339/57 690/340/57 689/326/57
f 688/339/58 687/337/58 691/326/58
f 694/341/59 693/342/59 689/326/59
f 696/341/60 692/340/60 691/326/60
f 698/343/61 697/344/61 693/342/61
f 700/343/62 696/341/62 695/342/62
f 702/345/63 701/346/63 697/344/63
f 700/343/64 699/344/64 703/346/64
f 702/345/65 706/348/65 705/347/65
f 704/345/66 703/346/66 707/347/66
f 710/349/67 709/350/67 705/347/67
f 712/349/68 708/348/68 707/347/68
f 714/352/69 713/351/69 709/350/69
f 712/349/70 711/350/70 715/351/70
f 718/353/71 717/354/71 713/351/71
f 720/353/72 716/352/72 715/351/72
f 722/355/73 721/325/73 717/354/73
f 720/353/74 719/354/74 723/325/74
f 722/355/75 726/357/75 725/356/75
f 728/357/76 724/355/76 723/325/76
f 726/357/77 730/361/77 729/359/77
f 728/357/78 727/358/78 731/360/78
f 734/362/79 733/363/79 729/359/79
f 732/361/80 731/360/80 735/363/80
f 734/362/81 738/365/81 737/364/81
f 736/362/82 735/363/82 739/364/82
f 738/365/83 742/366/83 741/330/83
f 744/366/84 740/365/84 739/364/84
f 742/366/85 746/368/85 745/367/85
f 744/366/86 743/330/86 747/367/86
f 750/369/87 749/370/87 745/367/87
f 752/369/88 748/368/88 747/367/88
f 754/371/89 753/324/89 749/370/89
f 756/371/90 752/369/90 751/370/90
f 758/373/91 757/372/91 753/324/91
f 756/371/92 755/324/92 759/372/92
f 762/374/93 761/377/93 757/372/93
f 760/373/94 759/372/94 763/375/94
f 766/376/95 765/380/95 761/377/95
f 768/376/96 764/374/96 763/375/96
f 766/376/97 770/381/97 769/379/97
f 768/376/98 767/378/98 771/379/98
f 774/382/99 773/331/99 769/379/99
f 772/381/100 771/379/100 775/331/100
f 774/382/101 778/384/101 777/383/101
f 780/384/102 776/382/102 775/331/102
f 782/385/103 781/386/103 777/383/103
f 780/384/104 779/383/104 783/386/104
f 786/388/105 785/387/105 781/386/105
f 784/385/106 783/386/106 787/387/106
f 790/389/107 789/390/107 785/387/107
f 792/389/108 788/388/108 787/387/108
f 790/389/109 794/392/109 793/391/109
f 792/389/110 791/390/110 795/391/110
f 798/394/111 797/393/111 793/391/111
f 800/394/112 796/392/112 795/391/112
f 798/394/113 802/397/113 801/396/113
f 804/397/114 800/394/114 799/395/114
f 806/398/115 805/332/115 801/396/115
f 808/398/116 804/397/116 803/396/116
f 682/336/117 681/338/117 805/332/117
f 684/336/118 808/398/118 807/332/118
f 689/503/38 693/573/38 645/504/38
f 684/506/29 688/511/29 686/507/29
f 808/509/44 684/506/44 682/508/44
f 707/598/119 674/597/119 673/601/119
f 688/511/46 692/513/46 690/512/46
f 692/513/32 696/515/32 694/514/32
f 696/515/49 700/534/49 698/516/49
f 700/622/36 704/625/36 702/623/36
f 704/625/53 708/627/53 706/626/53
f 708/627/39 712/629/39 710/628/39
f 712/629/25 716/631/25 714/630/25
f 716/631/42 720/633/42 718/632/42
f 720/633/28 724/635/28 722/634/28
f 724/635/45 728/637/45 726/636/45
f 728/637/31 732/639/31 730/638/31
f 732/534/48 736/515/48 734/514/48
f 736/515/35 740/513/35 738/512/35
f 740/513/52 744/511/52 742/507/52
f 744/511/43 748/506/43 746/508/43
f 748/506/34 752/509/34 750/510/34
f 752/509/51 756/536/51 754/535/51
f 756/536/38 760/538/38 758/537/38
f 760/538/24 764/541/24 762/539/24
f 764/639/41 768/637/41 766/636/41
f 768/637/27 772/635/27 770/634/27
f 772/635/119 776/633/119 774/632/119
f 776/633/30 780/631/30 778/630/30
f 780/631/47 784/629/47 782/628/47
f 784/629/33 788/627/33 786/626/33
f 788/627/50 792/625/50 790/623/50
f 792/625/37 796/622/37 794/624/37
f 796/541/54 800/538/54 798/537/54
f 800/538/40 804/536/40 802/535/40
f 804/536/26 808/509/26 806/510/26
f 685/542/34 648/580/34 647/543/34
f 765/640/36 627/658/36 628/641/36
f 797/548/35 801/579/35 618/549/35
f 717/643/33 721/657/33 638/644/33
f 757/554/32 629/583/32 630/555/32
f 793/646/31 620/662/31 621/647/31
f 709/649/30 713/659/30 640/650/30
f 749/563/29 631/586/29 632/543/29
f 785/652/28 622/660/28 623/651/28
f 705/652/27 642/660/27 643/647/27
f 741/567/26 633/588/26 634/568/26
f 777/655/25 624/661/25 625/645/25
f 697/572/24 644/957/24 645/504/24
f 729/574/54 733/592/54 635/575/54
f 769/657/53 626/644/53 627/658/53
f 805/578/52 617/591/52 618/549/52
f 689/503/51 646/505/51 648/580/51
f 721/657/50 725/619/50 637/618/50
f 761/582/49 628/584/49 629/583/49
f 797/548/48 619/550/48 620/584/48
f 717/643/47 639/645/47 640/650/47
f 749/563/46 753/556/46 630/555/46
f 789/648/45 621/647/45 622/660/45
f 709/649/119 641/651/119 642/660/119
f 745/544/44 632/543/44 633/588/44
f 777/655/42 781/653/42 623/651/42
f 697/646/41 701/654/41 643/647/41
f 805/578/43 681/544/43 647/543/43
f 737/569/40 634/568/40 635/575/40
f 769/657/39 773/656/39 625/645/39
usemtl Windows
f 851/695/13 854/57/13 856/56/13
f 854/57/129 853/685/129 855/697/129
f 853/685/130 858/46/130 855/697/130
f 859/685/132 863/57/132 864/697/132
f 861/45/133 864/697/133 866/46/133
f 863/57/3 862/695/3 865/56/3
f 872/742/23 983/743/23 981/744/23
f 908/75/146 902/58/146 906/54/146
f 906/54/147 903/766/147 907/52/147
f 904/767/148 908/75/148 905/74/148
f 903/766/133 910/51/133 907/52/133
f 911/766/150 916/54/150 918/52/150
f 919/75/151 914/767/151 917/74/151
f 915/60/130 918/52/130 920/51/130
f 912/58/152 919/75/152 916/54/152
f 996/812/155 926/807/155 928/810/155
f 925/828/155 995/811/155 927/5/155
f 993/829/155 996/812/155 995/811/155
f 873/847/23 984/848/23 874/849/23
f 981/744/23 984/848/23 982/850/23
f 1022/902/179 1023/919/179 1021/917/179
f 1025/926/180 1028/905/180 1026/904/180
f 851/695/192 852/696/192 854/57/192
f 854/57/193 852/696/193 853/685/193
f 853/685/130 857/45/130 858/46/130
f 859/685/194 860/696/194 863/57/194
f 861/45/133 859/685/133 864/697/133
f 863/57/195 860/696/195 862/695/195
f 872/742/23 871/965/23 983/743/23
f 908/75/204 901/42/204 902/58/204
f 906/54/205 902/58/205 903/766/205
f 904/767/206 901/42/206 908/75/206
f 903/766/133 909/60/133 910/51/133
f 911/766/207 912/58/207 916/54/207
f 919/75/208 913/42/208 914/767/208
f 915/60/130 911/766/130 918/52/130
f 912/58/209 913/42/209 919/75/209
f 996/812/155 994/974/155 926/807/155
f 925/828/155 993/829/155 995/811/155
f 993/829/155 994/974/155 996/812/155
f 873/847/23 982/850/23 984/848/23
f 981/744/23 983/743/23 984/848/23
f 1022/902/179 1024/978/179 1023/919/179
f 1025/926/180 1027/982/180 1028/905/180
