# Blender 5.1.2
# www.blender.org
mtllib earth.mtl
o Sphere
v 0.000000 -1.000000 0.000000
v 0.723607 -0.447220 0.525725
v -0.276388 -0.447220 0.850649
v -0.894426 -0.447216 0.000000
v -0.276388 -0.447220 -0.850649
v 0.723607 -0.447220 -0.525725
v 0.276388 0.447220 0.850649
v -0.723607 0.447220 0.525725
v -0.723607 0.447220 -0.525725
v 0.276388 0.447220 -0.850649
v 0.894426 0.447216 0.000000
v 0.000000 1.000000 0.000000
v -0.257937 -0.550685 0.793860
v -0.232822 -0.657519 0.716563
v -0.200688 -0.760403 0.617666
v -0.162456 -0.850654 0.499995
v -0.120413 -0.920955 0.370598
v -0.077607 -0.967950 0.238853
v -0.036848 -0.992865 0.113408
v 0.096471 -0.992865 0.070089
v 0.203181 -0.967950 0.147618
v 0.315251 -0.920955 0.229040
v 0.425323 -0.850654 0.309011
v 0.525420 -0.760403 0.381735
v 0.609547 -0.657519 0.442856
v 0.675300 -0.550685 0.490628
v 0.638452 -0.476987 0.604038
v 0.531941 -0.502302 0.681712
v 0.405008 -0.519572 0.752338
v 0.262869 -0.525738 0.809012
v 0.114564 -0.519572 0.846711
v -0.029639 -0.502302 0.864184
v -0.161465 -0.476988 0.863951
v 0.771771 -0.476987 -0.420539
v 0.812729 -0.502301 -0.295238
v 0.840673 -0.519571 -0.152694
v 0.850648 -0.525736 0.000000
v 0.840673 -0.519571 0.152694
v 0.812729 -0.502301 0.295238
v 0.771771 -0.476987 0.420539
v 0.096471 -0.992865 -0.070089
v 0.203181 -0.967950 -0.147618
v 0.315251 -0.920955 -0.229040
v 0.425323 -0.850654 -0.309011
v 0.525420 -0.760403 -0.381735
v 0.609547 -0.657519 -0.442856
v 0.675300 -0.550685 -0.490628
v -0.834716 -0.550681 0.000000
v -0.753442 -0.657515 0.000000
v -0.649456 -0.760399 0.000000
v -0.525730 -0.850652 0.000000
v -0.389673 -0.920953 0.000000
v -0.251147 -0.967949 0.000000
v -0.119245 -0.992865 0.000000
v -0.377183 -0.476988 0.793861
v -0.483971 -0.502302 0.716565
v -0.590366 -0.519572 0.617668
v -0.688189 -0.525736 0.499997
v -0.769872 -0.519570 0.370600
v -0.831051 -0.502299 0.238853
v -0.871565 -0.476984 0.113408
v -0.257937 -0.550685 -0.793860
v -0.232822 -0.657519 -0.716563
v -0.200688 -0.760403 -0.617666
v -0.162456 -0.850654 -0.499995
v -0.120413 -0.920955 -0.370598
v -0.077607 -0.967950 -0.238853
v -0.036848 -0.992865 -0.113408
v -0.871565 -0.476984 -0.113408
v -0.831051 -0.502299 -0.238853
v -0.769872 -0.519570 -0.370600
v -0.688189 -0.525736 -0.499997
v -0.590366 -0.519572 -0.617668
v -0.483971 -0.502302 -0.716565
v -0.377183 -0.476988 -0.793861
v -0.161465 -0.476988 -0.863951
v -0.029639 -0.502302 -0.864184
v 0.114564 -0.519573 -0.846711
v 0.262869 -0.525738 -0.809012
v 0.405008 -0.519572 -0.752338
v 0.531941 -0.502302 -0.681712
v 0.638453 -0.476987 -0.604038
v 0.931188 0.357738 0.070089
v 0.956626 0.251149 0.147618
v 0.964711 0.129893 0.229041
v 0.951058 -0.000000 0.309013
v 0.915098 -0.129893 0.381737
v 0.860698 -0.251151 0.442858
v 0.794547 -0.357741 0.490629
v 0.794547 -0.357741 -0.490629
v 0.860698 -0.251151 -0.442858
v 0.915098 -0.129893 -0.381737
v 0.951058 0.000000 -0.309013
v 0.964711 0.129893 -0.229041
v 0.956626 0.251149 -0.147618
v 0.931188 0.357738 -0.070089
v 0.221089 0.357741 0.907271
v 0.155215 0.251152 0.955422
v 0.080276 0.129894 0.988273
v -0.000000 -0.000000 1.000000
v -0.080276 -0.129894 0.988273
v -0.155215 -0.251152 0.955422
v -0.221089 -0.357741 0.907271
v 0.712150 -0.357741 0.604039
v 0.687159 -0.251152 0.681715
v 0.645839 -0.129894 0.752343
v 0.587786 0.000000 0.809017
v 0.515946 0.129894 0.846716
v 0.436007 0.251152 0.864188
v 0.354409 0.357742 0.863953
v -0.794547 0.357741 0.490629
v -0.860698 0.251151 0.442858
v -0.915098 0.129893 0.381737
v -0.951058 -0.000000 0.309013
v -0.964711 -0.129893 0.229041
v -0.956626 -0.251149 0.147618
v -0.931188 -0.357738 0.070089
v -0.354409 -0.357742 0.863953
v -0.436007 -0.251152 0.864188
v -0.515946 -0.129894 0.846716
v -0.587786 0.000000 0.809017
v -0.645839 0.129894 0.752342
v -0.687159 0.251152 0.681715
v -0.712150 0.357741 0.604039
v -0.712150 0.357741 -0.604039
v -0.687159 0.251152 -0.681715
v -0.645839 0.129894 -0.752343
v -0.587786 -0.000000 -0.809017
v -0.515946 -0.129894 -0.846716
v -0.436007 -0.251152 -0.864188
v -0.354409 -0.357742 -0.863953
v -0.931188 -0.357738 -0.070089
v -0.956626 -0.251149 -0.147618
v -0.964711 -0.129893 -0.229041
v -0.951058 0.000000 -0.309013
v -0.915098 0.129893 -0.381737
v -0.860698 0.251151 -0.442858
v -0.794547 0.357741 -0.490629
v 0.354409 0.357742 -0.863953
v 0.436007 0.251152 -0.864188
v 0.515946 0.129894 -0.846716
v 0.587786 -0.000000 -0.809017
v 0.645839 -0.129894 -0.752342
v 0.687159 -0.251152 -0.681715
v 0.712150 -0.357741 -0.604039
v -0.221089 -0.357741 -0.907271
v -0.155215 -0.251152 -0.955422
v -0.080276 -0.129894 -0.988273
v 0.000000 0.000000 -1.000000
v 0.080276 0.129894 -0.988273
v 0.155215 0.251152 -0.955422
v 0.221089 0.357741 -0.907271
v 0.871565 0.476984 0.113408
v 0.831051 0.502299 0.238853
v 0.769872 0.519570 0.370600
v 0.688189 0.525736 0.499997
v 0.590366 0.519572 0.617668
v 0.483971 0.502302 0.716565
v 0.377183 0.476988 0.793861
v 0.161465 0.476988 0.863951
v 0.029639 0.502302 0.864184
v -0.114564 0.519573 0.846711
v -0.262869 0.525738 0.809012
v -0.405008 0.519572 0.752338
v -0.531941 0.502302 0.681712
v -0.638453 0.476987 0.604038
v -0.771771 0.476987 0.420539
v -0.812729 0.502301 0.295238
v -0.840673 0.519571 0.152694
v -0.850648 0.525736 -0.000000
v -0.840673 0.519571 -0.152694
v -0.812729 0.502301 -0.295238
v -0.771771 0.476987 -0.420539
v -0.638452 0.476987 -0.604038
v -0.531941 0.502302 -0.681712
v -0.405008 0.519572 -0.752338
v -0.262869 0.525738 -0.809012
v -0.114564 0.519572 -0.846711
v 0.029639 0.502302 -0.864184
v 0.161465 0.476988 -0.863951
v 0.377183 0.476988 -0.793861
v 0.483971 0.502302 -0.716565
v 0.590366 0.519572 -0.617668
v 0.688189 0.525736 -0.499997
v 0.769872 0.519570 -0.370600
v 0.831051 0.502299 -0.238853
v 0.871565 0.476984 -0.113408
v 0.036848 0.992865 0.113408
v 0.077607 0.967950 0.238853
v 0.120413 0.920955 0.370598
v 0.162456 0.850654 0.499995
v 0.200688 0.760403 0.617666
v 0.232822 0.657519 0.716563
v 0.257937 0.550685 0.793860
v 0.834716 0.550681 0.000000
v 0.753442 0.657515 0.000000
v 0.649456 0.760399 0.000000
v 0.525730 0.850652 0.000000
v 0.389673 0.920953 0.000000
v 0.251147 0.967949 0.000000
v 0.119245 0.992865 0.000000
v -0.096471 0.992865 0.070089
v -0.203181 0.967950 0.147618
v -0.315251 0.920955 0.229040
v -0.425323 0.850654 0.309011
v -0.525420 0.760403 0.381735
v -0.609547 0.657519 0.442856
v -0.675300 0.550685 0.490628
v -0.096471 0.992865 -0.070089
v -0.203181 0.967950 -0.147618
v -0.315251 0.920955 -0.229040
v -0.425323 0.850654 -0.309011
v -0.525420 0.760403 -0.381735
v -0.609547 0.657519 -0.442856
v -0.675300 0.550685 -0.490628
v 0.036848 0.992865 -0.113408
v 0.077607 0.967950 -0.238853
v 0.120413 0.920955 -0.370598
v 0.162456 0.850654 -0.499995
v 0.200688 0.760403 -0.617666
v 0.232822 0.657519 -0.716563
v 0.257937 0.550685 -0.793860
v 0.166198 0.978672 -0.120749
v 0.307167 0.943208 -0.126518
v 0.215245 0.943209 -0.253036
v 0.451375 0.882854 -0.129731
v 0.361800 0.894429 -0.262863
v 0.262862 0.882855 -0.389192
v 0.587783 0.798549 -0.129731
v 0.506729 0.819912 -0.266403
v 0.409951 0.819913 -0.399604
v 0.305014 0.798552 -0.518924
v 0.706258 0.696558 -0.126519
v 0.638194 0.723610 -0.262864
v 0.550008 0.733353 -0.399605
v 0.447209 0.723612 -0.525728
v 0.338569 0.696561 -0.632593
v 0.801022 0.586331 -0.120750
v 0.747366 0.614342 -0.253038
v 0.672087 0.629942 -0.389194
v 0.577830 0.629943 -0.518926
v 0.471599 0.614344 -0.632594
v 0.362366 0.586334 -0.724502
v -0.063483 0.978672 -0.195376
v -0.025408 0.943209 -0.331227
v -0.174138 0.943209 -0.282901
v 0.016098 0.882855 -0.469369
v -0.138197 0.894430 -0.425319
v -0.288916 0.882855 -0.370262
v 0.058250 0.798552 -0.599101
v -0.096779 0.819914 -0.564248
v -0.253366 0.819914 -0.513369
v -0.399272 0.798552 -0.450440
v 0.097915 0.696561 -0.710785
v -0.052790 0.723612 -0.688185
v -0.210088 0.733355 -0.646571
v -0.361804 0.723612 -0.587778
v -0.497009 0.696561 -0.517479
v 0.132684 0.586334 -0.799129
v -0.009708 0.614345 -0.788978
v -0.162463 0.629944 -0.759458
v -0.314971 0.629944 -0.709904
v -0.455902 0.614344 -0.643998
v -0.577066 0.586334 -0.568513
v -0.205432 0.978671 0.000000
v -0.322868 0.943208 -0.078192
v -0.322868 0.943208 0.078192
v -0.441423 0.882855 -0.160354
v -0.447210 0.894429 0.000000
v -0.441423 0.882855 0.160354
v -0.551779 0.798551 -0.240532
v -0.566539 0.819912 -0.082322
v -0.566539 0.819912 0.082322
v -0.551779 0.798551 0.240532
v -0.645740 0.696561 -0.312768
v -0.670817 0.723611 -0.162457
v -0.679848 0.733353 0.000000
v -0.670817 0.723611 0.162457
v -0.645740 0.696560 0.312768
v -0.719015 0.586334 -0.373135
v -0.753363 0.614343 -0.234576
v -0.772492 0.629942 -0.080177
v -0.772492 0.629942 0.080177
v -0.753363 0.614343 0.234576
v -0.719015 0.586334 0.373135
v -0.063483 0.978672 0.195376
v -0.174138 0.943209 0.282901
v -0.025408 0.943209 0.331227
v -0.288916 0.882855 0.370262
v -0.138197 0.894430 0.425319
v 0.016098 0.882855 0.469369
v -0.399272 0.798552 0.450440
v -0.253366 0.819914 0.513369
v -0.096779 0.819914 0.564248
v 0.058250 0.798552 0.599101
v -0.497009 0.696561 0.517479
v -0.361804 0.723612 0.587778
v -0.210088 0.733355 0.646571
v -0.052790 0.723612 0.688185
v 0.097915 0.696561 0.710785
v -0.577066 0.586334 0.568513
v -0.455902 0.614345 0.643998
v -0.314971 0.629944 0.709904
v -0.162463 0.629944 0.759458
v -0.009708 0.614345 0.788978
v 0.132684 0.586335 0.799129
v 0.166198 0.978672 0.120749
v 0.215245 0.943209 0.253036
v 0.307167 0.943208 0.126518
v 0.262862 0.882855 0.389192
v 0.361800 0.894429 0.262863
v 0.451375 0.882854 0.129731
v 0.305014 0.798552 0.518924
v 0.409951 0.819913 0.399604
v 0.506729 0.819912 0.266403
v 0.587783 0.798549 0.129731
v 0.338569 0.696561 0.632593
v 0.447209 0.723612 0.525728
v 0.550008 0.733353 0.399605
v 0.638194 0.723610 0.262864
v 0.706258 0.696558 0.126519
v 0.362366 0.586334 0.724502
v 0.471599 0.614344 0.632594
v 0.577830 0.629943 0.518926
v 0.672087 0.629942 0.389194
v 0.747366 0.614342 0.253038
v 0.801022 0.586331 0.120750
v 0.903740 0.380897 -0.195376
v 0.921508 0.266063 -0.282902
v 0.854992 0.399094 -0.331229
v 0.918856 0.136410 -0.370264
v 0.861804 0.276396 -0.425322
v 0.782446 0.409229 -0.469371
v 0.892805 -0.000000 -0.450443
v 0.846660 0.140059 -0.513372
v 0.776630 0.280118 -0.564251
v 0.688190 0.409230 -0.599104
v 0.845290 -0.133032 -0.517481
v 0.809019 0.000000 -0.587782
v 0.749882 0.140059 -0.646576
v 0.670821 0.276397 -0.688189
v 0.579226 0.399096 -0.710788
v 0.782501 -0.253933 -0.568515
v 0.753368 -0.133032 -0.644002
v 0.704293 0.000000 -0.709909
v 0.636088 0.136411 -0.759463
v 0.553820 0.266065 -0.788982
v 0.465085 0.380900 -0.799132
v 0.093451 0.380900 -0.919882
v 0.015700 0.266064 -0.963827
v -0.050816 0.399096 -0.915500
v -0.068205 0.136410 -0.988302
v -0.138198 0.276397 -0.951055
v -0.204615 0.409230 -0.889193
v -0.152509 -0.000000 -0.988302
v -0.226618 0.140059 -0.963861
v -0.296648 0.280118 -0.912981
v -0.357124 0.409230 -0.839639
v -0.230948 -0.133033 -0.963829
v -0.309016 -0.000000 -0.951057
v -0.383207 0.140059 -0.912982
v -0.447215 0.276397 -0.850649
v -0.497012 0.399096 -0.770520
v -0.298885 -0.253934 -0.919883
v -0.379680 -0.133033 -0.915503
v -0.457527 -0.000000 -0.889196
v -0.525732 0.136410 -0.839642
v -0.579229 0.266065 -0.770522
v -0.616302 0.380900 -0.689266
v -0.845982 0.380899 -0.373136
v -0.911804 0.266063 -0.312769
v -0.886396 0.399095 -0.234577
v -0.961008 0.136410 -0.240533
v -0.947213 0.276396 -0.162458
v -0.908902 0.409229 -0.080178
v -0.987059 0.000000 -0.160355
v -0.986715 0.140059 -0.082322
v -0.959966 0.280117 0.000000
v -0.908902 0.409229 0.080178
v -0.988023 -0.133031 -0.078192
v -1.000000 0.000001 0.000000
v -0.986715 0.140059 0.082323
v -0.947213 0.276397 0.162458
v -0.886395 0.399095 0.234577
v -0.967222 -0.253931 0.000000
v -0.988023 -0.133030 0.078193
v -0.987059 0.000001 0.160356
v -0.961008 0.136411 0.240534
v -0.911803 0.266065 0.312769
v -0.845982 0.380900 0.373136
v -0.616302 0.380900 0.689266
v -0.579229 0.266064 0.770521
v -0.497012 0.399096 0.770520
v -0.525732 0.136410 0.839641
v -0.447216 0.276397 0.850649
v -0.357124 0.409230 0.839639
v -0.457527 -0.000001 0.889196
v -0.383208 0.140059 0.912982
v -0.296649 0.280118 0.912981
v -0.204616 0.409230 0.889193
v -0.379681 -0.133033 0.915502
v -0.309017 -0.000001 0.951056
v -0.226619 0.140059 0.963861
v -0.138199 0.276397 0.951055
v -0.050817 0.399096 0.915500
v -0.298885 -0.253934 0.919883
v -0.230948 -0.133033 0.963828
v -0.152509 -0.000000 0.988302
v -0.068206 0.136410 0.988302
v 0.015699 0.266064 0.963827
v 0.093451 0.380900 0.919882
v 0.465085 0.380900 0.799132
v 0.553820 0.266064 0.788983
v 0.579226 0.399096 0.710788
v 0.636088 0.136410 0.759463
v 0.670820 0.276396 0.688190
v 0.688190 0.409229 0.599104
v 0.704293 -0.000001 0.709909
v 0.749882 0.140058 0.646576
v 0.776630 0.280116 0.564252
v 0.782446 0.409228 0.469372
v 0.753368 -0.133034 0.644002
v 0.809019 -0.000002 0.587783
v 0.846659 0.140057 0.513373
v 0.861804 0.276394 0.425323
v 0.854992 0.399093 0.331230
v 0.782501 -0.253934 0.568515
v 0.845289 -0.133034 0.517482
v 0.892805 -0.000002 0.450444
v 0.918856 0.136407 0.370266
v 0.921508 0.266061 0.282904
v 0.903740 0.380896 0.195377
v 0.298886 0.253934 -0.919883
v 0.379681 0.133033 -0.915502
v 0.230948 0.133033 -0.963828
v 0.457527 -0.000000 -0.889196
v 0.309017 -0.000000 -0.951056
v 0.152509 0.000000 -0.988302
v 0.525732 -0.136411 -0.839641
v 0.383207 -0.140060 -0.912982
v 0.226619 -0.140060 -0.963861
v 0.068205 -0.136410 -0.988302
v 0.579229 -0.266065 -0.770521
v 0.447216 -0.276398 -0.850648
v 0.296648 -0.280119 -0.912980
v 0.138199 -0.276398 -0.951055
v -0.015699 -0.266065 -0.963827
v 0.616302 -0.380900 -0.689265
v 0.497012 -0.399097 -0.770520
v 0.357124 -0.409231 -0.839639
v 0.204615 -0.409231 -0.889192
v 0.050817 -0.399097 -0.915500
v -0.093451 -0.380900 -0.919881
v -0.782501 0.253934 -0.568515
v -0.753368 0.133032 -0.644002
v -0.845290 0.133032 -0.517482
v -0.704293 -0.000000 -0.709910
v -0.809018 -0.000000 -0.587783
v -0.892805 0.000000 -0.450444
v -0.636087 -0.136411 -0.759464
v -0.749881 -0.140059 -0.646577
v -0.846659 -0.140059 -0.513374
v -0.918856 -0.136410 -0.370265
v -0.553819 -0.266065 -0.788983
v -0.670819 -0.276397 -0.688191
v -0.776628 -0.280118 -0.564253
v -0.861803 -0.276396 -0.425324
v -0.921507 -0.266063 -0.282904
v -0.465084 -0.380900 -0.799132
v -0.579224 -0.399096 -0.710789
v -0.688189 -0.409230 -0.599106
v -0.782445 -0.409229 -0.469374
v -0.854991 -0.399094 -0.331231
v -0.903739 -0.380897 -0.195378
v -0.782501 0.253934 0.568515
v -0.845290 0.133032 0.517482
v -0.753368 0.133032 0.644002
v -0.892805 -0.000000 0.450444
v -0.809018 0.000000 0.587783
v -0.704293 0.000000 0.709910
v -0.918856 -0.136410 0.370265
v -0.846659 -0.140059 0.513374
v -0.749881 -0.140059 0.646577
v -0.636087 -0.136411 0.759464
v -0.921508 -0.266063 0.282904
v -0.861803 -0.276396 0.425324
v -0.776629 -0.280118 0.564253
v -0.670819 -0.276397 0.688191
v -0.553819 -0.266065 0.788983
v -0.903739 -0.380897 0.195378
v -0.854991 -0.399094 0.331231
v -0.782445 -0.409229 0.469374
v -0.688189 -0.409230 0.599106
v -0.579224 -0.399096 0.710789
v -0.465084 -0.380900 0.799132
v 0.298886 0.253934 0.919883
v 0.230948 0.133032 0.963828
v 0.379681 0.133033 0.915502
v 0.152509 -0.000000 0.988302
v 0.309017 0.000000 0.951056
v 0.457527 0.000000 0.889196
v 0.068206 -0.136410 0.988302
v 0.226619 -0.140060 0.963861
v 0.383207 -0.140060 0.912982
v 0.525732 -0.136411 0.839641
v -0.015699 -0.266065 0.963827
v 0.138199 -0.276397 0.951055
v 0.296648 -0.280119 0.912980
v 0.447216 -0.276398 0.850648
v 0.579229 -0.266065 0.770521
v -0.093451 -0.380900 0.919882
v 0.050817 -0.399097 0.915500
v 0.204615 -0.409230 0.889192
v 0.357124 -0.409230 0.839639
v 0.497012 -0.399097 0.770520
v 0.616302 -0.380900 0.689266
v 0.967222 0.253931 0.000000
v 0.988023 0.133031 0.078192
v 0.988023 0.133031 -0.078192
v 0.987059 -0.000000 0.160355
v 1.000000 0.000000 0.000000
v 0.987059 0.000000 -0.160355
v 0.961008 -0.136410 0.240533
v 0.986715 -0.140059 0.082322
v 0.986715 -0.140059 -0.082322
v 0.961008 -0.136410 -0.240533
v 0.911804 -0.266064 0.312769
v 0.947213 -0.276396 0.162458
v 0.959966 -0.280117 0.000000
v 0.947213 -0.276396 -0.162458
v 0.911804 -0.266064 -0.312769
v 0.845982 -0.380899 0.373136
v 0.886396 -0.399095 0.234576
v 0.908902 -0.409229 0.080178
v 0.908902 -0.409229 -0.080178
v 0.886396 -0.399095 -0.234576
v 0.845982 -0.380899 -0.373136
v 0.577066 -0.586334 -0.568513
v 0.497009 -0.696561 -0.517479
v 0.455902 -0.614344 -0.643999
v 0.399272 -0.798552 -0.450441
v 0.361804 -0.723612 -0.587779
v 0.314971 -0.629943 -0.709905
v 0.288916 -0.882855 -0.370263
v 0.253366 -0.819913 -0.513370
v 0.210087 -0.733354 -0.646572
v 0.162463 -0.629943 -0.759459
v 0.174138 -0.943209 -0.282902
v 0.138197 -0.894429 -0.425321
v 0.096779 -0.819912 -0.564250
v 0.052789 -0.723611 -0.688186
v 0.009708 -0.614344 -0.788979
v 0.063482 -0.978671 -0.195377
v 0.025407 -0.943208 -0.331229
v -0.016099 -0.882854 -0.469371
v -0.058250 -0.798550 -0.599103
v -0.097915 -0.696560 -0.710786
v -0.132684 -0.586334 -0.799129
v -0.362367 -0.586334 -0.724501
v -0.338569 -0.696561 -0.632593
v -0.471601 -0.614344 -0.632593
v -0.305014 -0.798552 -0.518923
v -0.447211 -0.723612 -0.525727
v -0.577832 -0.629943 -0.518924
v -0.262862 -0.882855 -0.389192
v -0.409952 -0.819913 -0.399603
v -0.550010 -0.733353 -0.399603
v -0.672088 -0.629942 -0.389192
v -0.215245 -0.943209 -0.253036
v -0.361801 -0.894429 -0.262863
v -0.506730 -0.819912 -0.266402
v -0.638195 -0.723609 -0.262863
v -0.747367 -0.614341 -0.253036
v -0.166198 -0.978671 -0.120749
v -0.307168 -0.943208 -0.126518
v -0.451376 -0.882853 -0.129730
v -0.587784 -0.798549 -0.129730
v -0.706258 -0.696557 -0.126518
v -0.801022 -0.586330 -0.120749
v -0.801022 -0.586330 0.120750
v -0.706258 -0.696558 0.126518
v -0.747367 -0.614341 0.253037
v -0.587784 -0.798549 0.129731
v -0.638195 -0.723609 0.262864
v -0.672088 -0.629941 0.389193
v -0.451375 -0.882853 0.129731
v -0.506730 -0.819911 0.266403
v -0.550009 -0.733352 0.399605
v -0.577832 -0.629942 0.518925
v -0.307168 -0.943208 0.126519
v -0.361801 -0.894428 0.262864
v -0.409952 -0.819912 0.399605
v -0.447211 -0.723610 0.525729
v -0.471601 -0.614343 0.632594
v -0.166198 -0.978671 0.120750
v -0.215246 -0.943208 0.253038
v -0.262863 -0.882854 0.389194
v -0.305015 -0.798550 0.518925
v -0.338569 -0.696560 0.632594
v -0.362367 -0.586333 0.724502
v 0.719015 -0.586334 -0.373135
v 0.753363 -0.614343 -0.234576
v 0.645740 -0.696560 -0.312768
v 0.772493 -0.629942 -0.080177
v 0.670817 -0.723611 -0.162457
v 0.551780 -0.798551 -0.240532
v 0.772493 -0.629942 0.080178
v 0.679849 -0.733353 0.000000
v 0.566540 -0.819912 -0.082322
v 0.441423 -0.882854 -0.160354
v 0.753364 -0.614343 0.234576
v 0.670818 -0.723610 0.162458
v 0.566541 -0.819911 0.082323
v 0.447211 -0.894428 0.000001
v 0.322869 -0.943208 -0.078191
v 0.719016 -0.586333 0.373136
v 0.645741 -0.696559 0.312769
v 0.551781 -0.798550 0.240533
v 0.441424 -0.882854 0.160356
v 0.322870 -0.943208 0.078193
v 0.205432 -0.978671 0.000001
v -0.132684 -0.586334 0.799129
v -0.097915 -0.696561 0.710785
v 0.009709 -0.614344 0.788978
v -0.058249 -0.798552 0.599101
v 0.052790 -0.723612 0.688185
v 0.162463 -0.629944 0.759458
v -0.016097 -0.882855 0.469370
v 0.096780 -0.819913 0.564249
v 0.210089 -0.733354 0.646572
v 0.314971 -0.629943 0.709905
v 0.025409 -0.943209 0.331228
v 0.138199 -0.894429 0.425321
v 0.253368 -0.819912 0.513370
v 0.361805 -0.723611 0.587779
v 0.455903 -0.614344 0.643999
v 0.063484 -0.978671 0.195377
v 0.174140 -0.943208 0.282902
v 0.288918 -0.882854 0.370264
v 0.399274 -0.798550 0.450441
v 0.497011 -0.696560 0.517480
v 0.577067 -0.586333 0.568513
vn 0.0228 -0.9973 0.0701
vn 0.7255 -0.4994 0.4735
vn -0.0597 -0.9973 0.0434
vn -0.0597 -0.9973 -0.0434
vn 0.0228 -0.9973 -0.0701
vn 0.7711 -0.4256 0.4735
vn -0.2121 -0.4256 0.8797
vn -0.9022 -0.4256 0.0702
vn -0.3455 -0.4256 -0.8363
vn 0.6887 -0.4256 -0.5870
vn 0.7483 -0.3800 0.5437
vn -0.2858 -0.3800 0.8797
vn -0.9250 -0.3800 -0.0000
vn -0.2858 -0.3800 -0.8797
vn 0.7483 -0.3800 -0.5437
vn 0.3086 0.4994 0.8096
vn -0.6746 0.4994 0.5437
vn -0.7255 0.4994 -0.4735
vn 0.2262 0.4994 -0.8363
vn 0.8653 0.4994 -0.0434
vn 0.0597 0.9973 -0.0434
vn 0.1854 0.9817 -0.0433
vn 0.3210 0.9461 -0.0429
vn 0.4586 0.8876 -0.0425
vn 0.5888 0.8072 -0.0425
vn 0.7027 0.7102 -0.0429
vn 0.7951 0.6049 -0.0433
vn 0.1045 0.9916 -0.0759
vn 0.0985 0.9817 -0.1630
vn 0.2399 0.9672 -0.0829
vn 0.2339 0.9573 -0.1699
vn 0.1530 0.9672 -0.2026
vn 0.1400 0.9461 -0.2920
vn 0.3829 0.9196 -0.0879
vn 0.3768 0.9097 -0.1745
vn 0.2955 0.9309 -0.2147
vn 0.2824 0.9097 -0.3045
vn 0.2020 0.9196 -0.3370
vn 0.1822 0.8876 -0.4230
vn 0.5236 0.8472 -0.0898
vn 0.5175 0.8374 -0.1760
vn 0.4416 0.8694 -0.2215
vn 0.4285 0.8482 -0.3113
vn 0.3472 0.8694 -0.3515
vn 0.3273 0.8374 -0.4378
vn 0.2472 0.8472 -0.4702
vn 0.2224 0.8072 -0.5468
vn 0.6513 0.7537 -0.0879
vn 0.6451 0.7439 -0.1745
vn 0.5801 0.7838 -0.2215
vn 0.5670 0.7626 -0.3113
vn 0.4911 0.7947 -0.3568
vn 0.4713 0.7626 -0.4431
vn 0.3900 0.7838 -0.4833
vn 0.3653 0.7439 -0.5596
vn 0.2849 0.7537 -0.5922
vn 0.2579 0.7102 -0.6550
vn 0.7578 0.6472 -0.0829
vn 0.7516 0.6373 -0.1699
vn 0.7005 0.6806 -0.2147
vn 0.6874 0.6594 -0.3045
vn 0.6224 0.6993 -0.3515
vn 0.6026 0.6673 -0.4378
vn 0.5267 0.6993 -0.4833
vn 0.5020 0.6594 -0.5596
vn 0.4206 0.6806 -0.5999
vn 0.3939 0.6373 -0.6623
vn 0.3130 0.6472 -0.6951
vn 0.2869 0.6049 -0.7428
vn 0.8402 0.5369 -0.0759
vn 0.8340 0.5271 -0.1630
vn 0.7967 0.5694 -0.2026
vn 0.7836 0.5483 -0.2920
vn 0.7322 0.5919 -0.3370
vn 0.7124 0.5599 -0.4230
vn 0.6472 0.6000 -0.4702
vn 0.6225 0.5599 -0.5468
vn 0.5468 0.5919 -0.5922
vn 0.5199 0.5483 -0.6550
vn 0.4388 0.5694 -0.6951
vn 0.4127 0.5271 -0.7428
vn 0.3318 0.5369 -0.7756
vn 0.3086 0.4994 -0.8096
vn -0.0228 0.9973 -0.0701
vn 0.0161 0.9817 -0.1897
vn 0.0584 0.9461 -0.3185
vn 0.1013 0.8876 -0.4493
vn 0.1415 0.8072 -0.5731
vn 0.1763 0.7102 -0.6815
vn 0.2045 0.6049 -0.7696
vn -0.0399 0.9916 -0.1228
vn -0.1246 0.9817 -0.1440
vn -0.0047 0.9672 -0.2538
vn -0.0893 0.9573 -0.2749
vn -0.1454 0.9672 -0.2081
vn -0.2345 0.9461 -0.2234
vn 0.0347 0.9196 -0.3913
vn -0.0495 0.9097 -0.4123
vn -0.1129 0.9309 -0.3473
vn -0.2023 0.9097 -0.3626
vn -0.2581 0.9196 -0.2962
vn -0.3460 0.8876 -0.3040
vn 0.0764 0.8472 -0.5257
vn -0.0075 0.8374 -0.5466
vn -0.0742 0.8694 -0.4885
vn -0.1637 0.8482 -0.5037
vn -0.2271 0.8694 -0.4388
vn -0.3152 0.8374 -0.4466
vn -0.3708 0.8472 -0.3804
vn -0.4513 0.8072 -0.3805
vn 0.1176 0.7537 -0.6466
vn 0.0334 0.7439 -0.6675
vn -0.0314 0.7838 -0.6202
vn -0.1209 0.7626 -0.6355
vn -0.1876 0.7947 -0.5773
vn -0.2757 0.7626 -0.5852
vn -0.3391 0.7838 -0.5202
vn -0.4194 0.7439 -0.5203
vn -0.4752 0.7537 -0.4539
vn -0.5433 0.7102 -0.4477
vn 0.1553 0.6472 -0.7463
vn 0.0707 0.6373 -0.7674
vn 0.0123 0.6806 -0.7326
vn -0.0772 0.6594 -0.7478
vn -0.1420 0.6993 -0.7005
vn -0.2302 0.6673 -0.7084
vn -0.2969 0.6993 -0.6502
vn -0.3771 0.6594 -0.6504
vn -0.4406 0.6806 -0.5854
vn -0.5082 0.6373 -0.5793
vn -0.5644 0.6472 -0.5125
vn -0.6178 0.6049 -0.5024
vn 0.1874 0.5369 -0.8225
vn 0.1027 0.5271 -0.8436
vn 0.0535 0.5694 -0.8203
vn -0.0356 0.5483 -0.8355
vn -0.0942 0.5919 -0.8005
vn -0.1822 0.5599 -0.8083
vn -0.2472 0.6000 -0.7608
vn -0.3277 0.5599 -0.7610
vn -0.3943 0.5919 -0.7030
vn -0.4623 0.5483 -0.6968
vn -0.5255 0.5694 -0.6322
vn -0.5789 0.5271 -0.6221
vn -0.6351 0.5369 -0.5553
vn -0.6746 0.4994 -0.5437
vn -0.0738 0.9973 -0.0000
vn -0.1755 0.9817 -0.0740
vn -0.2849 0.9461 -0.1540
vn -0.3960 0.8876 -0.2352
vn -0.5013 0.8072 -0.3117
vn -0.5937 0.7102 -0.3783
vn -0.6687 0.6049 -0.4323
vn -0.1292 0.9916 -0.0000
vn -0.1755 0.9817 0.0740
vn -0.2428 0.9672 -0.0740
vn -0.2891 0.9573 -0.0000
vn -0.2428 0.9672 0.0740
vn -0.2849 0.9461 0.1540
vn -0.3615 0.9196 -0.1539
vn -0.4074 0.9097 -0.0804
vn -0.3652 0.9309 -0.0000
vn -0.4074 0.9097 0.0804
vn -0.3615 0.9196 0.1539
vn -0.3960 0.8876 0.2352
vn -0.4764 0.8472 -0.2351
vn -0.5222 0.8374 -0.1618
vn -0.4875 0.8694 -0.0803
vn -0.5297 0.8482 -0.0000
vn -0.4875 0.8694 0.0803
vn -0.5222 0.8374 0.1618
vn -0.4764 0.8472 0.2351
vn -0.5013 0.8072 0.3117
vn -0.5786 0.7537 -0.3116
vn -0.6245 0.7439 -0.2381
vn -0.5996 0.7838 -0.1618
vn -0.6417 0.7626 -0.0814
vn -0.6071 0.7947 -0.0000
vn -0.6417 0.7626 0.0814
vn -0.5996 0.7838 0.1618
vn -0.6245 0.7439 0.2381
vn -0.5786 0.7537 0.3116
vn -0.5937 0.7102 0.3783
vn -0.6618 0.6472 -0.3784
vn -0.7080 0.6373 -0.3043
vn -0.6929 0.6806 -0.2381
vn -0.7351 0.6594 -0.1577
vn -0.7101 0.6993 -0.0814
vn -0.7448 0.6673 -0.0000
vn -0.7101 0.6993 0.0814
vn -0.7351 0.6594 0.1577
vn -0.6929 0.6806 0.2381
vn -0.7080 0.6373 0.3043
vn -0.6618 0.6472 0.3784
vn -0.6687 0.6049 0.4323
vn -0.7244 0.5369 -0.4324
vn -0.7705 0.5271 -0.3584
vn -0.7636 0.5694 -0.3044
vn -0.8056 0.5483 -0.2244
vn -0.7904 0.5919 -0.1577
vn -0.8250 0.5599 -0.0765
vn -0.8000 0.6000 -0.0000
vn -0.8250 0.5599 0.0765
vn -0.7904 0.5919 0.1577
vn -0.8056 0.5483 0.2244
vn -0.7636 0.5694 0.3044
vn -0.7705 0.5271 0.3584
vn -0.7244 0.5369 0.4324
vn -0.7255 0.4994 0.4735
vn -0.0228 0.9973 0.0701
vn -0.1246 0.9817 0.1440
vn -0.2345 0.9461 0.2234
vn -0.3460 0.8876 0.3040
vn -0.4513 0.8072 0.3805
vn -0.5433 0.7102 0.4477
vn -0.6178 0.6049 0.5024
vn -0.0399 0.9916 0.1228
vn 0.0161 0.9817 0.1897
vn -0.1454 0.9672 0.2081
vn -0.0893 0.9573 0.2749
vn -0.0047 0.9672 0.2538
vn 0.0584 0.9461 0.3185
vn -0.2581 0.9196 0.2962
vn -0.2023 0.9097 0.3626
vn -0.1129 0.9309 0.3473
vn -0.0495 0.9097 0.4123
vn 0.0347 0.9196 0.3913
vn 0.1013 0.8876 0.4493
vn -0.3708 0.8472 0.3804
vn -0.3152 0.8374 0.4466
vn -0.2271 0.8694 0.4388
vn -0.1637 0.8482 0.5037
vn -0.0742 0.8694 0.4885
vn -0.0075 0.8374 0.5466
vn 0.0764 0.8472 0.5257
vn 0.1415 0.8072 0.5731
vn -0.4752 0.7537 0.4539
vn -0.4194 0.7439 0.5203
vn -0.3391 0.7838 0.5202
vn -0.2757 0.7626 0.5852
vn -0.1876 0.7947 0.5773
vn -0.1209 0.7626 0.6355
vn -0.0314 0.7838 0.6202
vn 0.0334 0.7439 0.6675
vn 0.1176 0.7537 0.6466
vn 0.1763 0.7102 0.6815
vn -0.5644 0.6472 0.5125
vn -0.5082 0.6373 0.5793
vn -0.4406 0.6806 0.5854
vn -0.3771 0.6594 0.6504
vn -0.2969 0.6993 0.6502
vn -0.2302 0.6673 0.7084
vn -0.1420 0.6993 0.7005
vn -0.0772 0.6594 0.7478
vn 0.0123 0.6806 0.7326
vn 0.0707 0.6373 0.7674
vn 0.1553 0.6472 0.7463
vn 0.2045 0.6049 0.7696
vn -0.6351 0.5369 0.5553
vn -0.5789 0.5271 0.6221
vn -0.5255 0.5694 0.6322
vn -0.4623 0.5483 0.6968
vn -0.3943 0.5919 0.7030
vn -0.3277 0.5599 0.7610
vn -0.2472 0.6000 0.7608
vn -0.1822 0.5599 0.8083
vn -0.0942 0.5919 0.8005
vn -0.0356 0.5483 0.8355
vn 0.0535 0.5694 0.8203
vn 0.1027 0.5271 0.8436
vn 0.1874 0.5369 0.8225
vn 0.2262 0.4994 0.8363
vn 0.0597 0.9973 0.0434
vn 0.0985 0.9817 0.1630
vn 0.1400 0.9461 0.2920
vn 0.1822 0.8876 0.4230
vn 0.2224 0.8072 0.5468
vn 0.2579 0.7102 0.6550
vn 0.2869 0.6049 0.7428
vn 0.1045 0.9916 0.0759
vn 0.1854 0.9817 0.0433
vn 0.1530 0.9672 0.2026
vn 0.2339 0.9573 0.1699
vn 0.2399 0.9672 0.0829
vn 0.3210 0.9461 0.0429
vn 0.2020 0.9196 0.3370
vn 0.2824 0.9097 0.3045
vn 0.2955 0.9309 0.2147
vn 0.3768 0.9097 0.1745
vn 0.3829 0.9196 0.0879
vn 0.4586 0.8876 0.0425
vn 0.2472 0.8472 0.4702
vn 0.3273 0.8374 0.4378
vn 0.3472 0.8694 0.3515
vn 0.4285 0.8482 0.3113
vn 0.4416 0.8694 0.2215
vn 0.5175 0.8374 0.1760
vn 0.5236 0.8472 0.0898
vn 0.5888 0.8072 0.0425
vn 0.2849 0.7537 0.5922
vn 0.3653 0.7439 0.5596
vn 0.3900 0.7838 0.4833
vn 0.4713 0.7626 0.4431
vn 0.4911 0.7947 0.3568
vn 0.5670 0.7626 0.3113
vn 0.5801 0.7838 0.2215
vn 0.6451 0.7439 0.1745
vn 0.6513 0.7537 0.0879
vn 0.7027 0.7102 0.0429
vn 0.3130 0.6472 0.6951
vn 0.3939 0.6373 0.6623
vn 0.4206 0.6806 0.5999
vn 0.5020 0.6594 0.5596
vn 0.5267 0.6993 0.4833
vn 0.6026 0.6673 0.4378
vn 0.6224 0.6993 0.3515
vn 0.6874 0.6594 0.3045
vn 0.7005 0.6806 0.2147
vn 0.7516 0.6373 0.1699
vn 0.7578 0.6472 0.0829
vn 0.7951 0.6049 0.0433
vn 0.3318 0.5369 0.7756
vn 0.4127 0.5271 0.7428
vn 0.4388 0.5694 0.6951
vn 0.5199 0.5483 0.6550
vn 0.5468 0.5919 0.5922
vn 0.6225 0.5599 0.5468
vn 0.6472 0.6000 0.4702
vn 0.7124 0.5599 0.4230
vn 0.7322 0.5919 0.3370
vn 0.7836 0.5483 0.2920
vn 0.7967 0.5694 0.2026
vn 0.8340 0.5271 0.1630
vn 0.8402 0.5369 0.0759
vn 0.8653 0.4994 0.0434
vn 0.9022 0.4256 -0.0702
vn 0.9338 0.3276 -0.1440
vn 0.9511 0.2134 -0.2234
vn 0.9487 0.0874 -0.3040
vn 0.9238 -0.0427 -0.3805
vn 0.8782 -0.1683 -0.4477
vn 0.8173 -0.2821 -0.5024
vn 0.9048 0.4078 -0.1228
vn 0.8708 0.4535 -0.1897
vn 0.9301 0.3025 -0.2081
vn 0.8962 0.3482 -0.2749
vn 0.8672 0.4284 -0.2538
vn 0.8201 0.4753 -0.3185
vn 0.9379 0.1804 -0.2962
vn 0.9041 0.2259 -0.3626
vn 0.8831 0.3154 -0.3473
vn 0.8358 0.3626 -0.4123
vn 0.8070 0.4423 -0.3913
vn 0.7486 0.4875 -0.4493
vn 0.9236 0.0472 -0.3804
vn 0.8899 0.0925 -0.4466
vn 0.8792 0.1857 -0.4388
vn 0.8319 0.2329 -0.5037
vn 0.8108 0.3224 -0.4885
vn 0.7523 0.3678 -0.5466
vn 0.7236 0.4472 -0.5257
vn 0.6587 0.4875 -0.5731
vn 0.8867 -0.0879 -0.4539
vn 0.8529 -0.0424 -0.5203
vn 0.8527 0.0472 -0.5202
vn 0.8054 0.0944 -0.5852
vn 0.7947 0.1876 -0.5773
vn 0.7362 0.2329 -0.6355
vn 0.7151 0.3224 -0.6202
vn 0.6504 0.3626 -0.6675
vn 0.6216 0.4423 -0.6466
vn 0.5564 0.4754 -0.6815
vn 0.8312 -0.2154 -0.5125
vn 0.7973 -0.1696 -0.5793
vn 0.8058 -0.0897 -0.5854
vn 0.7584 -0.0424 -0.6504
vn 0.7583 0.0472 -0.6502
vn 0.6998 0.0925 -0.7084
vn 0.6890 0.1857 -0.7005
vn 0.6243 0.2259 -0.7478
vn 0.6032 0.3154 -0.7326
vn 0.5384 0.3482 -0.7674
vn 0.5094 0.4284 -0.7464
vn 0.4496 0.4535 -0.7696
vn 0.7643 -0.3279 -0.5553
vn 0.7304 -0.2821 -0.6221
vn 0.7443 -0.2154 -0.6322
vn 0.6972 -0.1683 -0.6968
vn 0.7057 -0.0879 -0.7030
vn 0.6473 -0.0427 -0.7610
vn 0.6472 0.0472 -0.7608
vn 0.5823 0.0874 -0.8083
vn 0.5716 0.1804 -0.8005
vn 0.5063 0.2134 -0.8355
vn 0.4853 0.3025 -0.8203
vn 0.4255 0.3276 -0.8436
vn 0.3964 0.4078 -0.8225
vn 0.3455 0.4256 -0.8363
vn 0.2121 0.4256 -0.8797
vn 0.1516 0.3276 -0.9326
vn 0.0815 0.2134 -0.9736
vn 0.0040 0.0874 -0.9962
vn -0.0764 -0.0427 -0.9962
vn -0.1544 -0.1683 -0.9736
vn -0.2252 -0.2821 -0.9326
vn 0.1628 0.4078 -0.8985
vn 0.0886 0.4535 -0.8869
vn 0.0895 0.3025 -0.9489
vn 0.0155 0.3482 -0.9373
vn 0.0266 0.4284 -0.9032
vn -0.0495 0.4754 -0.8784
vn 0.0081 0.1804 -0.9836
vn -0.0655 0.2259 -0.9720
vn -0.0574 0.3154 -0.9472
vn -0.1339 0.3626 -0.9223
vn -0.1228 0.4423 -0.8884
vn -0.1960 0.4875 -0.8508
vn -0.0764 0.0472 -0.9960
vn -0.1497 0.0925 -0.9844
vn -0.1456 0.1857 -0.9717
vn -0.2220 0.2329 -0.9468
vn -0.2140 0.3224 -0.9221
vn -0.2874 0.3678 -0.8844
vn -0.2764 0.4472 -0.8506
vn -0.3415 0.4875 -0.8035
vn -0.1577 -0.0879 -0.9836
vn -0.2313 -0.0424 -0.9720
vn -0.2313 0.0472 -0.9717
vn -0.3076 0.0944 -0.9468
vn -0.3035 0.1876 -0.9342
vn -0.3769 0.2329 -0.8965
vn -0.3689 0.3224 -0.8718
vn -0.4338 0.3626 -0.8248
vn -0.4228 0.4423 -0.7909
vn -0.4763 0.4754 -0.7397
vn -0.2306 -0.2154 -0.9489
vn -0.3045 -0.1696 -0.9373
vn -0.3078 -0.0897 -0.9472
vn -0.3842 -0.0424 -0.9223
vn -0.3841 0.0472 -0.9221
vn -0.4575 0.0925 -0.8844
vn -0.4533 0.1857 -0.8718
vn -0.5183 0.2259 -0.8248
vn -0.5103 0.3154 -0.8001
vn -0.5634 0.3482 -0.7492
vn -0.5524 0.4284 -0.7151
vn -0.5930 0.4535 -0.6654
vn -0.2919 -0.3279 -0.8985
vn -0.3659 -0.2821 -0.8869
vn -0.3712 -0.2154 -0.9032
vn -0.4473 -0.1683 -0.8784
vn -0.4505 -0.0879 -0.8884
vn -0.5237 -0.0427 -0.8508
vn -0.5236 0.0472 -0.8507
vn -0.5888 0.0874 -0.8035
vn -0.5847 0.1804 -0.7909
vn -0.6382 0.2134 -0.7397
vn -0.6302 0.3025 -0.7151
vn -0.6708 0.3276 -0.6654
vn -0.6598 0.4078 -0.6312
vn -0.6887 0.4256 -0.5870
vn -0.7711 0.4256 -0.4735
vn -0.8401 0.3276 -0.4323
vn -0.9007 0.2134 -0.3783
vn -0.9462 0.0874 -0.3117
vn -0.9710 -0.0427 -0.2352
vn -0.9736 -0.1683 -0.1540
vn -0.9565 -0.2821 -0.0740
vn -0.8042 0.4078 -0.4324
vn -0.8161 0.4535 -0.3584
vn -0.8748 0.3025 -0.3784
vn -0.8866 0.3482 -0.3043
vn -0.8508 0.4284 -0.3044
vn -0.8507 0.4753 -0.2244
vn -0.9329 0.1804 -0.3116
vn -0.9446 0.2259 -0.2381
vn -0.9186 0.3154 -0.2381
vn -0.9185 0.3626 -0.1577
vn -0.8829 0.4423 -0.1577
vn -0.8697 0.4875 -0.0765
vn -0.9708 0.0472 -0.2351
vn -0.9825 0.0925 -0.1618
vn -0.9692 0.1857 -0.1618
vn -0.9691 0.2329 -0.0814
vn -0.9431 0.3224 -0.0814
vn -0.9299 0.3678 -0.0000
vn -0.8944 0.4472 -0.0000
vn -0.8697 0.4875 0.0765
vn -0.9842 -0.0879 -0.1539
vn -0.9959 -0.0424 -0.0804
vn -0.9956 0.0472 -0.0803
vn -0.9955 0.0944 -0.0000
vn -0.9822 0.1876 -0.0000
vn -0.9691 0.2329 0.0814
vn -0.9431 0.3224 0.0814
vn -0.9185 0.3626 0.1577
vn -0.8829 0.4423 0.1577
vn -0.8507 0.4753 0.2244
vn -0.9737 -0.2154 -0.0740
vn -0.9855 -0.1696 -0.0000
vn -0.9960 -0.0897 -0.0000
vn -0.9959 -0.0424 0.0804
vn -0.9956 0.0472 0.0803
vn -0.9825 0.0925 0.1618
vn -0.9692 0.1857 0.1618
vn -0.9446 0.2259 0.2381
vn -0.9186 0.3154 0.2381
vn -0.8866 0.3482 0.3043
vn -0.8508 0.4284 0.3044
vn -0.8161 0.4535 0.3584
vn -0.9447 -0.3279 -0.0000
vn -0.9565 -0.2821 0.0740
vn -0.9737 -0.2154 0.0740
vn -0.9736 -0.1683 0.1540
vn -0.9842 -0.0879 0.1539
vn -0.9710 -0.0427 0.2352
vn -0.9708 0.0472 0.2351
vn -0.9462 0.0874 0.3117
vn -0.9329 0.1804 0.3116
vn -0.9007 0.2134 0.3783
vn -0.8748 0.3025 0.3784
vn -0.8401 0.3276 0.4323
vn -0.8042 0.4078 0.4324
vn -0.7711 0.4256 0.4735
vn -0.6887 0.4256 0.5870
vn -0.6708 0.3276 0.6654
vn -0.6382 0.2134 0.7397
vn -0.5888 0.0874 0.8035
vn -0.5237 -0.0427 0.8508
vn -0.4473 -0.1683 0.8784
vn -0.3659 -0.2821 0.8869
vn -0.6598 0.4078 0.6312
vn -0.5930 0.4535 0.6654
vn -0.6302 0.3025 0.7151
vn -0.5634 0.3482 0.7492
vn -0.5524 0.4284 0.7151
vn -0.4763 0.4753 0.7397
vn -0.5847 0.1804 0.7909
vn -0.5183 0.2259 0.8248
vn -0.5103 0.3154 0.8001
vn -0.4338 0.3626 0.8248
vn -0.4228 0.4423 0.7909
vn -0.3415 0.4875 0.8035
vn -0.5236 0.0472 0.8507
vn -0.4575 0.0925 0.8844
vn -0.4533 0.1857 0.8718
vn -0.3769 0.2329 0.8965
vn -0.3689 0.3224 0.8718
vn -0.2874 0.3678 0.8844
vn -0.2764 0.4472 0.8506
vn -0.1960 0.4875 0.8508
vn -0.4505 -0.0879 0.8884
vn -0.3842 -0.0424 0.9223
vn -0.3841 0.0472 0.9221
vn -0.3076 0.0944 0.9468
vn -0.3035 0.1876 0.9342
vn -0.2220 0.2329 0.9468
vn -0.2140 0.3224 0.9221
vn -0.1339 0.3626 0.9223
vn -0.1228 0.4423 0.8884
vn -0.0495 0.4753 0.8784
vn -0.3712 -0.2154 0.9032
vn -0.3045 -0.1696 0.9373
vn -0.3078 -0.0897 0.9472
vn -0.2313 -0.0424 0.9720
vn -0.2313 0.0472 0.9717
vn -0.1497 0.0925 0.9844
vn -0.1456 0.1857 0.9717
vn -0.0655 0.2259 0.9720
vn -0.0574 0.3154 0.9472
vn 0.0155 0.3482 0.9373
vn 0.0266 0.4284 0.9032
vn 0.0886 0.4535 0.8869
vn -0.2919 -0.3279 0.8985
vn -0.2252 -0.2821 0.9326
vn -0.2306 -0.2154 0.9489
vn -0.1544 -0.1683 0.9736
vn -0.1577 -0.0879 0.9836
vn -0.0764 -0.0427 0.9962
vn -0.0764 0.0472 0.9960
vn 0.0040 0.0874 0.9962
vn 0.0081 0.1804 0.9836
vn 0.0815 0.2134 0.9736
vn 0.0895 0.3025 0.9489
vn 0.1516 0.3276 0.9326
vn 0.1628 0.4078 0.8985
vn 0.2121 0.4256 0.8797
vn 0.3455 0.4256 0.8363
vn 0.4255 0.3276 0.8436
vn 0.5063 0.2134 0.8355
vn 0.5823 0.0874 0.8083
vn 0.6473 -0.0427 0.7610
vn 0.6972 -0.1683 0.6968
vn 0.7304 -0.2821 0.6221
vn 0.3964 0.4078 0.8225
vn 0.4496 0.4535 0.7696
vn 0.4853 0.3025 0.8203
vn 0.5384 0.3482 0.7674
vn 0.5094 0.4284 0.7464
vn 0.5564 0.4754 0.6815
vn 0.5716 0.1804 0.8005
vn 0.6243 0.2259 0.7478
vn 0.6032 0.3154 0.7326
vn 0.6504 0.3626 0.6675
vn 0.6216 0.4423 0.6466
vn 0.6587 0.4875 0.5731
vn 0.6472 0.0472 0.7608
vn 0.6998 0.0925 0.7084
vn 0.6890 0.1857 0.7005
vn 0.7362 0.2329 0.6355
vn 0.7151 0.3224 0.6202
vn 0.7523 0.3678 0.5466
vn 0.7236 0.4472 0.5257
vn 0.7486 0.4875 0.4493
vn 0.7057 -0.0879 0.7030
vn 0.7584 -0.0424 0.6504
vn 0.7583 0.0472 0.6502
vn 0.8054 0.0944 0.5852
vn 0.7947 0.1876 0.5773
vn 0.8319 0.2329 0.5037
vn 0.8108 0.3224 0.4885
vn 0.8358 0.3626 0.4123
vn 0.8070 0.4423 0.3913
vn 0.8201 0.4753 0.3185
vn 0.7443 -0.2154 0.6322
vn 0.7973 -0.1696 0.5793
vn 0.8058 -0.0897 0.5854
vn 0.8529 -0.0424 0.5203
vn 0.8527 0.0472 0.5202
vn 0.8899 0.0925 0.4466
vn 0.8792 0.1857 0.4388
vn 0.9041 0.2259 0.3626
vn 0.8831 0.3154 0.3473
vn 0.8962 0.3482 0.2749
vn 0.8672 0.4284 0.2538
vn 0.8708 0.4535 0.1897
vn 0.7643 -0.3279 0.5553
vn 0.8173 -0.2821 0.5024
vn 0.8312 -0.2154 0.5125
vn 0.8782 -0.1683 0.4477
vn 0.8867 -0.0879 0.4540
vn 0.9238 -0.0427 0.3805
vn 0.9236 0.0472 0.3804
vn 0.9487 0.0874 0.3040
vn 0.9379 0.1804 0.2962
vn 0.9511 0.2134 0.2234
vn 0.9301 0.3025 0.2081
vn 0.9338 0.3276 0.1440
vn 0.9048 0.4078 0.1228
vn 0.9022 0.4256 0.0701
vn 0.2858 0.3800 -0.8797
vn 0.3659 0.2821 -0.8869
vn 0.4473 0.1683 -0.8784
vn 0.5237 0.0427 -0.8508
vn 0.5888 -0.0874 -0.8035
vn 0.6382 -0.2134 -0.7397
vn 0.6708 -0.3276 -0.6654
vn 0.2919 0.3279 -0.8985
vn 0.2252 0.2821 -0.9326
vn 0.3712 0.2154 -0.9032
vn 0.3045 0.1696 -0.9373
vn 0.2306 0.2154 -0.9489
vn 0.1544 0.1683 -0.9736
vn 0.4505 0.0879 -0.8884
vn 0.3842 0.0424 -0.9223
vn 0.3078 0.0897 -0.9472
vn 0.2313 0.0424 -0.9720
vn 0.1577 0.0879 -0.9836
vn 0.0764 0.0427 -0.9962
vn 0.5236 -0.0472 -0.8507
vn 0.4575 -0.0925 -0.8844
vn 0.3841 -0.0472 -0.9221
vn 0.3076 -0.0944 -0.9468
vn 0.2313 -0.0472 -0.9717
vn 0.1497 -0.0925 -0.9844
vn 0.0764 -0.0472 -0.9960
vn -0.0040 -0.0874 -0.9962
vn 0.5847 -0.1804 -0.7909
vn 0.5183 -0.2259 -0.8248
vn 0.4533 -0.1857 -0.8718
vn 0.3769 -0.2329 -0.8965
vn 0.3035 -0.1876 -0.9342
vn 0.2220 -0.2329 -0.9468
vn 0.1456 -0.1857 -0.9717
vn 0.0655 -0.2259 -0.9720
vn -0.0081 -0.1804 -0.9836
vn -0.0815 -0.2134 -0.9736
vn 0.6302 -0.3025 -0.7151
vn 0.5634 -0.3482 -0.7492
vn 0.5103 -0.3154 -0.8001
vn 0.4338 -0.3626 -0.8248
vn 0.3689 -0.3224 -0.8718
vn 0.2874 -0.3678 -0.8844
vn 0.2140 -0.3224 -0.9221
vn 0.1339 -0.3626 -0.9223
vn 0.0574 -0.3154 -0.9472
vn -0.0155 -0.3482 -0.9373
vn -0.0895 -0.3025 -0.9489
vn -0.1516 -0.3276 -0.9326
vn 0.6598 -0.4078 -0.6312
vn 0.5930 -0.4535 -0.6654
vn 0.5524 -0.4284 -0.7151
vn 0.4763 -0.4753 -0.7397
vn 0.4228 -0.4423 -0.7909
vn 0.3415 -0.4875 -0.8035
vn 0.2764 -0.4472 -0.8506
vn 0.1960 -0.4875 -0.8508
vn 0.1228 -0.4423 -0.8884
vn 0.0495 -0.4754 -0.8784
vn -0.0266 -0.4284 -0.9032
vn -0.0886 -0.4535 -0.8869
vn -0.1628 -0.4078 -0.8985
vn -0.2121 -0.4256 -0.8797
vn -0.7483 0.3800 -0.5437
vn -0.7304 0.2821 -0.6221
vn -0.6972 0.1683 -0.6968
vn -0.6473 0.0427 -0.7610
vn -0.5823 -0.0874 -0.8083
vn -0.5063 -0.2134 -0.8355
vn -0.4255 -0.3276 -0.8436
vn -0.7643 0.3279 -0.5553
vn -0.8173 0.2821 -0.5024
vn -0.7443 0.2154 -0.6322
vn -0.7973 0.1696 -0.5793
vn -0.8312 0.2154 -0.5125
vn -0.8782 0.1683 -0.4477
vn -0.7057 0.0879 -0.7030
vn -0.7584 0.0424 -0.6504
vn -0.8058 0.0897 -0.5854
vn -0.8529 0.0424 -0.5203
vn -0.8867 0.0879 -0.4540
vn -0.9238 0.0427 -0.3805
vn -0.6472 -0.0472 -0.7608
vn -0.6998 -0.0925 -0.7084
vn -0.7583 -0.0472 -0.6502
vn -0.8054 -0.0944 -0.5852
vn -0.8527 -0.0472 -0.5202
vn -0.8899 -0.0925 -0.4466
vn -0.9236 -0.0472 -0.3804
vn -0.9487 -0.0874 -0.3040
vn -0.5716 -0.1804 -0.8005
vn -0.6243 -0.2259 -0.7478
vn -0.6890 -0.1857 -0.7005
vn -0.7362 -0.2329 -0.6355
vn -0.7947 -0.1876 -0.5773
vn -0.8319 -0.2329 -0.5038
vn -0.8792 -0.1857 -0.4388
vn -0.9041 -0.2259 -0.3626
vn -0.9379 -0.1804 -0.2962
vn -0.9511 -0.2134 -0.2234
vn -0.4853 -0.3025 -0.8203
vn -0.5384 -0.3482 -0.7674
vn -0.6032 -0.3154 -0.7326
vn -0.6504 -0.3626 -0.6675
vn -0.7151 -0.3224 -0.6202
vn -0.7523 -0.3678 -0.5466
vn -0.8108 -0.3224 -0.4885
vn -0.8358 -0.3626 -0.4123
vn -0.8831 -0.3154 -0.3473
vn -0.8962 -0.3482 -0.2749
vn -0.9301 -0.3025 -0.2081
vn -0.9338 -0.3276 -0.1440
vn -0.3964 -0.4078 -0.8225
vn -0.4496 -0.4535 -0.7696
vn -0.5094 -0.4284 -0.7464
vn -0.5564 -0.4754 -0.6815
vn -0.6216 -0.4423 -0.6466
vn -0.6587 -0.4875 -0.5731
vn -0.7236 -0.4472 -0.5257
vn -0.7486 -0.4875 -0.4493
vn -0.8070 -0.4423 -0.3913
vn -0.8201 -0.4753 -0.3185
vn -0.8672 -0.4284 -0.2538
vn -0.8708 -0.4535 -0.1897
vn -0.9048 -0.4078 -0.1228
vn -0.9022 -0.4256 -0.0702
vn -0.7483 0.3800 0.5437
vn -0.8173 0.2821 0.5024
vn -0.8782 0.1683 0.4477
vn -0.9238 0.0427 0.3805
vn -0.9487 -0.0874 0.3040
vn -0.9511 -0.2134 0.2234
vn -0.9338 -0.3276 0.1440
vn -0.7643 0.3279 0.5553
vn -0.7304 0.2821 0.6221
vn -0.8312 0.2154 0.5125
vn -0.7973 0.1696 0.5793
vn -0.7443 0.2154 0.6322
vn -0.6972 0.1683 0.6968
vn -0.8867 0.0879 0.4540
vn -0.8529 0.0424 0.5203
vn -0.8058 0.0897 0.5854
vn -0.7584 0.0424 0.6504
vn -0.7057 0.0879 0.7030
vn -0.6473 0.0427 0.7610
vn -0.9236 -0.0472 0.3804
vn -0.8899 -0.0925 0.4466
vn -0.8527 -0.0472 0.5202
vn -0.8054 -0.0944 0.5852
vn -0.7583 -0.0472 0.6502
vn -0.6998 -0.0925 0.7084
vn -0.6472 -0.0472 0.7608
vn -0.5823 -0.0874 0.8083
vn -0.9379 -0.1804 0.2962
vn -0.9041 -0.2259 0.3626
vn -0.8792 -0.1857 0.4388
vn -0.8319 -0.2329 0.5038
vn -0.7947 -0.1876 0.5773
vn -0.7362 -0.2329 0.6355
vn -0.6890 -0.1857 0.7005
vn -0.6243 -0.2259 0.7478
vn -0.5716 -0.1804 0.8005
vn -0.5063 -0.2134 0.8355
vn -0.9301 -0.3025 0.2081
vn -0.8962 -0.3482 0.2749
vn -0.8831 -0.3154 0.3473
vn -0.8358 -0.3626 0.4123
vn -0.8108 -0.3224 0.4885
vn -0.7523 -0.3678 0.5466
vn -0.7151 -0.3224 0.6202
vn -0.6504 -0.3626 0.6675
vn -0.6032 -0.3154 0.7326
vn -0.5384 -0.3482 0.7674
vn -0.4853 -0.3025 0.8203
vn -0.4255 -0.3276 0.8436
vn -0.9048 -0.4078 0.1228
vn -0.8708 -0.4535 0.1897
vn -0.8672 -0.4284 0.2538
vn -0.8201 -0.4753 0.3185
vn -0.8070 -0.4423 0.3913
vn -0.7486 -0.4875 0.4493
vn -0.7236 -0.4472 0.5257
vn -0.6587 -0.4875 0.5731
vn -0.6216 -0.4423 0.6466
vn -0.5564 -0.4754 0.6815
vn -0.5094 -0.4284 0.7464
vn -0.4496 -0.4535 0.7696
vn -0.3964 -0.4078 0.8225
vn -0.3455 -0.4256 0.8363
vn 0.2858 0.3800 0.8797
vn 0.2252 0.2821 0.9326
vn 0.1544 0.1683 0.9736
vn 0.0764 0.0427 0.9962
vn -0.0040 -0.0874 0.9962
vn -0.0815 -0.2134 0.9736
vn -0.1516 -0.3276 0.9326
vn 0.2919 0.3279 0.8985
vn 0.3659 0.2821 0.8869
vn 0.2306 0.2154 0.9489
vn 0.3045 0.1696 0.9373
vn 0.3712 0.2154 0.9032
vn 0.4473 0.1683 0.8784
vn 0.1577 0.0879 0.9836
vn 0.2313 0.0424 0.9720
vn 0.3078 0.0897 0.9472
vn 0.3842 0.0424 0.9223
vn 0.4505 0.0879 0.8884
vn 0.5237 0.0427 0.8508
vn 0.0764 -0.0472 0.9960
vn 0.1497 -0.0925 0.9844
vn 0.2313 -0.0472 0.9717
vn 0.3076 -0.0944 0.9468
vn 0.3841 -0.0472 0.9221
vn 0.4575 -0.0925 0.8844
vn 0.5236 -0.0472 0.8507
vn 0.5888 -0.0874 0.8035
vn -0.0081 -0.1804 0.9836
vn 0.0655 -0.2259 0.9720
vn 0.1456 -0.1857 0.9717
vn 0.2220 -0.2329 0.9468
vn 0.3035 -0.1876 0.9342
vn 0.3769 -0.2329 0.8965
vn 0.4533 -0.1857 0.8718
vn 0.5183 -0.2259 0.8248
vn 0.5847 -0.1804 0.7909
vn 0.6382 -0.2134 0.7397
vn -0.0895 -0.3025 0.9489
vn -0.0155 -0.3482 0.9373
vn 0.0574 -0.3154 0.9472
vn 0.1339 -0.3626 0.9223
vn 0.2140 -0.3224 0.9221
vn 0.2874 -0.3678 0.8844
vn 0.3689 -0.3224 0.8718
vn 0.4338 -0.3626 0.8248
vn 0.5103 -0.3154 0.8001
vn 0.5634 -0.3482 0.7492
vn 0.6302 -0.3025 0.7151
vn 0.6708 -0.3276 0.6654
vn -0.1628 -0.4078 0.8985
vn -0.0886 -0.4535 0.8869
vn -0.0266 -0.4284 0.9032
vn 0.0495 -0.4753 0.8784
vn 0.1228 -0.4423 0.8884
vn 0.1960 -0.4875 0.8508
vn 0.2764 -0.4472 0.8506
vn 0.3415 -0.4875 0.8035
vn 0.4228 -0.4423 0.7909
vn 0.4763 -0.4754 0.7397
vn 0.5524 -0.4284 0.7151
vn 0.5930 -0.4535 0.6654
vn 0.6598 -0.4078 0.6312
vn 0.6887 -0.4256 0.5870
vn 0.9250 0.3800 -0.0000
vn 0.9565 0.2821 0.0740
vn 0.9736 0.1683 0.1540
vn 0.9710 0.0427 0.2352
vn 0.9462 -0.0874 0.3117
vn 0.9007 -0.2134 0.3783
vn 0.8401 -0.3276 0.4323
vn 0.9447 0.3279 -0.0000
vn 0.9565 0.2821 -0.0740
vn 0.9737 0.2154 0.0740
vn 0.9855 0.1696 -0.0000
vn 0.9737 0.2154 -0.0740
vn 0.9736 0.1683 -0.1540
vn 0.9842 0.0879 0.1539
vn 0.9959 0.0424 0.0804
vn 0.9960 0.0897 -0.0000
vn 0.9959 0.0424 -0.0804
vn 0.9842 0.0879 -0.1539
vn 0.9710 0.0427 -0.2352
vn 0.9708 -0.0472 0.2351
vn 0.9825 -0.0925 0.1618
vn 0.9956 -0.0472 0.0803
vn 0.9955 -0.0944 -0.0000
vn 0.9956 -0.0472 -0.0803
vn 0.9825 -0.0925 -0.1618
vn 0.9708 -0.0472 -0.2351
vn 0.9462 -0.0874 -0.3117
vn 0.9329 -0.1804 0.3116
vn 0.9446 -0.2259 0.2381
vn 0.9692 -0.1857 0.1618
vn 0.9691 -0.2329 0.0814
vn 0.9822 -0.1876 -0.0000
vn 0.9691 -0.2329 -0.0814
vn 0.9692 -0.1857 -0.1618
vn 0.9446 -0.2259 -0.2381
vn 0.9329 -0.1804 -0.3116
vn 0.9007 -0.2134 -0.3783
vn 0.8748 -0.3025 0.3784
vn 0.8866 -0.3482 0.3043
vn 0.9186 -0.3154 0.2381
vn 0.9185 -0.3626 0.1577
vn 0.9431 -0.3224 0.0814
vn 0.9299 -0.3678 -0.0000
vn 0.9431 -0.3224 -0.0814
vn 0.9185 -0.3626 -0.1577
vn 0.9186 -0.3154 -0.2381
vn 0.8866 -0.3482 -0.3043
vn 0.8748 -0.3025 -0.3784
vn 0.8401 -0.3276 -0.4323
vn 0.8042 -0.4078 0.4324
vn 0.8161 -0.4535 0.3584
vn 0.8508 -0.4284 0.3044
vn 0.8507 -0.4753 0.2244
vn 0.8829 -0.4423 0.1577
vn 0.8697 -0.4875 0.0765
vn 0.8944 -0.4472 -0.0000
vn 0.8697 -0.4875 -0.0765
vn 0.8829 -0.4423 -0.1577
vn 0.8507 -0.4753 -0.2244
vn 0.8508 -0.4284 -0.3044
vn 0.8161 -0.4535 -0.3584
vn 0.8042 -0.4078 -0.4324
vn 0.7711 -0.4256 -0.4735
vn 0.6746 -0.4994 -0.5437
vn 0.6178 -0.6049 -0.5024
vn 0.5433 -0.7102 -0.4477
vn 0.4513 -0.8072 -0.3805
vn 0.3460 -0.8876 -0.3040
vn 0.2345 -0.9461 -0.2234
vn 0.1246 -0.9817 -0.1440
vn 0.6351 -0.5369 -0.5553
vn 0.5789 -0.5271 -0.6221
vn 0.5644 -0.6472 -0.5125
vn 0.5082 -0.6373 -0.5793
vn 0.5255 -0.5694 -0.6322
vn 0.4623 -0.5483 -0.6968
vn 0.4752 -0.7537 -0.4539
vn 0.4194 -0.7439 -0.5203
vn 0.4406 -0.6806 -0.5854
vn 0.3771 -0.6594 -0.6504
vn 0.3943 -0.5919 -0.7030
vn 0.3277 -0.5599 -0.7610
vn 0.3708 -0.8472 -0.3804
vn 0.3152 -0.8374 -0.4466
vn 0.3391 -0.7838 -0.5202
vn 0.2757 -0.7626 -0.5852
vn 0.2969 -0.6993 -0.6502
vn 0.2302 -0.6673 -0.7084
vn 0.2472 -0.6000 -0.7608
vn 0.1822 -0.5599 -0.8083
vn 0.2581 -0.9196 -0.2962
vn 0.2023 -0.9097 -0.3626
vn 0.2271 -0.8694 -0.4388
vn 0.1637 -0.8482 -0.5037
vn 0.1876 -0.7947 -0.5773
vn 0.1209 -0.7626 -0.6355
vn 0.1420 -0.6993 -0.7005
vn 0.0772 -0.6594 -0.7478
vn 0.0942 -0.5919 -0.8005
vn 0.0356 -0.5483 -0.8355
vn 0.1454 -0.9672 -0.2081
vn 0.0893 -0.9573 -0.2749
vn 0.1129 -0.9309 -0.3473
vn 0.0495 -0.9097 -0.4123
vn 0.0742 -0.8694 -0.4885
vn 0.0075 -0.8374 -0.5466
vn 0.0314 -0.7838 -0.6202
vn -0.0334 -0.7439 -0.6675
vn -0.0123 -0.6806 -0.7326
vn -0.0707 -0.6373 -0.7674
vn -0.0535 -0.5694 -0.8203
vn -0.1027 -0.5271 -0.8436
vn 0.0399 -0.9916 -0.1228
vn -0.0161 -0.9817 -0.1897
vn 0.0047 -0.9672 -0.2538
vn -0.0584 -0.9461 -0.3185
vn -0.0347 -0.9196 -0.3913
vn -0.1013 -0.8876 -0.4493
vn -0.0764 -0.8472 -0.5257
vn -0.1415 -0.8072 -0.5731
vn -0.1176 -0.7537 -0.6466
vn -0.1763 -0.7102 -0.6815
vn -0.1553 -0.6472 -0.7464
vn -0.2045 -0.6049 -0.7696
vn -0.1874 -0.5369 -0.8225
vn -0.2262 -0.4994 -0.8363
vn -0.3086 -0.4994 -0.8096
vn -0.2869 -0.6049 -0.7428
vn -0.2579 -0.7102 -0.6550
vn -0.2224 -0.8072 -0.5468
vn -0.1822 -0.8876 -0.4230
vn -0.1400 -0.9461 -0.2920
vn -0.0985 -0.9817 -0.1630
vn -0.3318 -0.5369 -0.7756
vn -0.4127 -0.5271 -0.7428
vn -0.3130 -0.6472 -0.6951
vn -0.3939 -0.6373 -0.6623
vn -0.4389 -0.5694 -0.6951
vn -0.5199 -0.5483 -0.6550
vn -0.2849 -0.7537 -0.5922
vn -0.3653 -0.7439 -0.5596
vn -0.4206 -0.6806 -0.5999
vn -0.5020 -0.6594 -0.5596
vn -0.5468 -0.5919 -0.5922
vn -0.6225 -0.5599 -0.5468
vn -0.2472 -0.8472 -0.4702
vn -0.3273 -0.8374 -0.4378
vn -0.3900 -0.7838 -0.4833
vn -0.4713 -0.7626 -0.4431
vn -0.5267 -0.6993 -0.4833
vn -0.6026 -0.6673 -0.4378
vn -0.6472 -0.6000 -0.4702
vn -0.7124 -0.5599 -0.4230
vn -0.2020 -0.9196 -0.3370
vn -0.2824 -0.9097 -0.3045
vn -0.3472 -0.8694 -0.3515
vn -0.4285 -0.8482 -0.3113
vn -0.4911 -0.7947 -0.3568
vn -0.5670 -0.7626 -0.3113
vn -0.6224 -0.6993 -0.3515
vn -0.6874 -0.6594 -0.3045
vn -0.7322 -0.5919 -0.3370
vn -0.7836 -0.5483 -0.2920
vn -0.1530 -0.9672 -0.2026
vn -0.2339 -0.9573 -0.1699
vn -0.2955 -0.9309 -0.2147
vn -0.3768 -0.9097 -0.1745
vn -0.4416 -0.8694 -0.2215
vn -0.5175 -0.8374 -0.1760
vn -0.5801 -0.7838 -0.2215
vn -0.6451 -0.7439 -0.1745
vn -0.7005 -0.6806 -0.2147
vn -0.7516 -0.6373 -0.1699
vn -0.7967 -0.5694 -0.2026
vn -0.8340 -0.5271 -0.1630
vn -0.1045 -0.9916 -0.0759
vn -0.1854 -0.9817 -0.0433
vn -0.2399 -0.9672 -0.0829
vn -0.3210 -0.9461 -0.0429
vn -0.3829 -0.9196 -0.0879
vn -0.4586 -0.8876 -0.0425
vn -0.5236 -0.8472 -0.0898
vn -0.5888 -0.8072 -0.0425
vn -0.6513 -0.7537 -0.0879
vn -0.7027 -0.7102 -0.0429
vn -0.7578 -0.6472 -0.0829
vn -0.7951 -0.6049 -0.0433
vn -0.8402 -0.5369 -0.0759
vn -0.8653 -0.4994 -0.0434
vn -0.8653 -0.4994 0.0434
vn -0.7951 -0.6049 0.0433
vn -0.7027 -0.7102 0.0429
vn -0.5888 -0.8072 0.0425
vn -0.4586 -0.8876 0.0425
vn -0.3210 -0.9461 0.0429
vn -0.1854 -0.9817 0.0433
vn -0.8402 -0.5369 0.0759
vn -0.8340 -0.5271 0.1630
vn -0.7578 -0.6472 0.0829
vn -0.7516 -0.6373 0.1699
vn -0.7967 -0.5694 0.2026
vn -0.7836 -0.5483 0.2920
vn -0.6513 -0.7537 0.0879
vn -0.6451 -0.7439 0.1745
vn -0.7005 -0.6806 0.2147
vn -0.6874 -0.6594 0.3045
vn -0.7322 -0.5919 0.3370
vn -0.7124 -0.5599 0.4230
vn -0.5236 -0.8472 0.0898
vn -0.5175 -0.8374 0.1760
vn -0.5801 -0.7838 0.2215
vn -0.5670 -0.7626 0.3113
vn -0.6224 -0.6993 0.3515
vn -0.6026 -0.6673 0.4378
vn -0.6472 -0.6000 0.4702
vn -0.6225 -0.5599 0.5468
vn -0.3829 -0.9196 0.0879
vn -0.3768 -0.9097 0.1745
vn -0.4416 -0.8694 0.2215
vn -0.4285 -0.8482 0.3113
vn -0.4911 -0.7947 0.3568
vn -0.4713 -0.7626 0.4431
vn -0.5267 -0.6993 0.4833
vn -0.5020 -0.6594 0.5596
vn -0.5468 -0.5919 0.5922
vn -0.5199 -0.5483 0.6550
vn -0.2399 -0.9672 0.0829
vn -0.2339 -0.9573 0.1699
vn -0.2955 -0.9309 0.2147
vn -0.2824 -0.9097 0.3045
vn -0.3472 -0.8694 0.3515
vn -0.3273 -0.8374 0.4378
vn -0.3900 -0.7838 0.4833
vn -0.3653 -0.7439 0.5596
vn -0.4206 -0.6806 0.5999
vn -0.3939 -0.6373 0.6623
vn -0.4389 -0.5694 0.6951
vn -0.4127 -0.5271 0.7428
vn -0.1045 -0.9916 0.0759
vn -0.0985 -0.9817 0.1630
vn -0.1530 -0.9672 0.2026
vn -0.1400 -0.9461 0.2920
vn -0.2020 -0.9196 0.3370
vn -0.1822 -0.8876 0.4230
vn -0.2472 -0.8472 0.4702
vn -0.2224 -0.8072 0.5468
vn -0.2849 -0.7537 0.5922
vn -0.2579 -0.7102 0.6550
vn -0.3130 -0.6472 0.6951
vn -0.2869 -0.6049 0.7428
vn -0.3318 -0.5369 0.7756
vn -0.3086 -0.4994 0.8096
vn 0.7255 -0.4994 -0.4735
vn 0.7705 -0.5271 -0.3584
vn 0.8056 -0.5483 -0.2244
vn 0.8250 -0.5599 -0.0765
vn 0.8250 -0.5599 0.0765
vn 0.8056 -0.5483 0.2244
vn 0.7705 -0.5271 0.3584
vn 0.7244 -0.5369 -0.4324
vn 0.6687 -0.6049 -0.4323
vn 0.7636 -0.5694 -0.3044
vn 0.7080 -0.6373 -0.3043
vn 0.6618 -0.6472 -0.3784
vn 0.5937 -0.7102 -0.3783
vn 0.7904 -0.5919 -0.1577
vn 0.7351 -0.6594 -0.1577
vn 0.6929 -0.6806 -0.2381
vn 0.6245 -0.7439 -0.2381
vn 0.5786 -0.7537 -0.3116
vn 0.5013 -0.8072 -0.3117
vn 0.8000 -0.6000 -0.0000
vn 0.7448 -0.6673 -0.0000
vn 0.7101 -0.6993 -0.0814
vn 0.6417 -0.7626 -0.0814
vn 0.5996 -0.7838 -0.1618
vn 0.5222 -0.8374 -0.1618
vn 0.4764 -0.8472 -0.2351
vn 0.3960 -0.8876 -0.2352
vn 0.7904 -0.5919 0.1577
vn 0.7351 -0.6594 0.1577
vn 0.7101 -0.6993 0.0814
vn 0.6417 -0.7626 0.0814
vn 0.6071 -0.7947 -0.0000
vn 0.5297 -0.8482 -0.0000
vn 0.4875 -0.8694 -0.0803
vn 0.4074 -0.9097 -0.0804
vn 0.3615 -0.9196 -0.1539
vn 0.2849 -0.9461 -0.1540
vn 0.7636 -0.5694 0.3044
vn 0.7080 -0.6373 0.3043
vn 0.6929 -0.6806 0.2381
vn 0.6245 -0.7439 0.2381
vn 0.5996 -0.7838 0.1618
vn 0.5222 -0.8374 0.1618
vn 0.4875 -0.8694 0.0803
vn 0.4074 -0.9097 0.0804
vn 0.3652 -0.9309 -0.0000
vn 0.2891 -0.9573 -0.0000
vn 0.2428 -0.9672 -0.0740
vn 0.1755 -0.9817 -0.0740
vn 0.7244 -0.5369 0.4324
vn 0.6687 -0.6049 0.4323
vn 0.6618 -0.6472 0.3784
vn 0.5937 -0.7102 0.3783
vn 0.5786 -0.7537 0.3116
vn 0.5013 -0.8072 0.3117
vn 0.4764 -0.8472 0.2351
vn 0.3960 -0.8876 0.2352
vn 0.3615 -0.9196 0.1539
vn 0.2849 -0.9461 0.1540
vn 0.2428 -0.9672 0.0740
vn 0.1755 -0.9817 0.0740
vn 0.1292 -0.9916 -0.0000
vn 0.0738 -0.9973 -0.0000
vn -0.2262 -0.4994 0.8363
vn -0.2045 -0.6049 0.7696
vn -0.1763 -0.7102 0.6815
vn -0.1415 -0.8072 0.5731
vn -0.1013 -0.8876 0.4493
vn -0.0584 -0.9461 0.3185
vn -0.0161 -0.9817 0.1897
vn -0.1874 -0.5369 0.8225
vn -0.1027 -0.5271 0.8436
vn -0.1553 -0.6472 0.7464
vn -0.0707 -0.6373 0.7674
vn -0.0535 -0.5694 0.8203
vn 0.0356 -0.5483 0.8355
vn -0.1176 -0.7537 0.6466
vn -0.0334 -0.7439 0.6675
vn -0.0123 -0.6806 0.7326
vn 0.0772 -0.6594 0.7478
vn 0.0942 -0.5919 0.8005
vn 0.1822 -0.5599 0.8083
vn -0.0764 -0.8472 0.5257
vn 0.0075 -0.8374 0.5466
vn 0.0314 -0.7838 0.6202
vn 0.1209 -0.7626 0.6355
vn 0.1420 -0.6993 0.7005
vn 0.2302 -0.6673 0.7084
vn 0.2472 -0.6000 0.7608
vn 0.3277 -0.5599 0.7610
vn -0.0347 -0.9196 0.3913
vn 0.0495 -0.9097 0.4123
vn 0.0742 -0.8694 0.4885
vn 0.1637 -0.8482 0.5037
vn 0.1876 -0.7947 0.5773
vn 0.2757 -0.7626 0.5852
vn 0.2969 -0.6993 0.6502
vn 0.3771 -0.6594 0.6504
vn 0.3943 -0.5919 0.7030
vn 0.4623 -0.5483 0.6968
vn 0.0047 -0.9672 0.2538
vn 0.0893 -0.9573 0.2749
vn 0.1129 -0.9309 0.3473
vn 0.2023 -0.9097 0.3626
vn 0.2271 -0.8694 0.4388
vn 0.3152 -0.8374 0.4466
vn 0.3391 -0.7838 0.5202
vn 0.4194 -0.7439 0.5203
vn 0.4406 -0.6806 0.5854
vn 0.5082 -0.6373 0.5793
vn 0.5255 -0.5694 0.6322
vn 0.5789 -0.5271 0.6221
vn 0.0399 -0.9916 0.1228
vn 0.1246 -0.9817 0.1440
vn 0.1454 -0.9672 0.2081
vn 0.2345 -0.9461 0.2234
vn 0.2581 -0.9196 0.2962
vn 0.3460 -0.8876 0.3040
vn 0.3708 -0.8472 0.3804
vn 0.4513 -0.8072 0.3805
vn 0.4752 -0.7537 0.4539
vn 0.5433 -0.7102 0.4477
vn 0.5644 -0.6472 0.5125
vn 0.6178 -0.6049 0.5024
vn 0.6351 -0.5369 0.5553
vn 0.6746 -0.4994 0.5437
vt 0.000000 0.102629
vt 0.049262 0.075648
vt 0.049427 0.120305
vt 0.374731 0.274515
vt 0.367721 0.237828
vt 0.397047 0.255554
vt 1.000000 0.102629
vt 1.049427 0.120305
vt 0.999249 0.140672
vt 0.949573 0.119252
vt 0.952399 0.074625
vt 0.392890 0.299758
vt 0.177032 0.392260
vt 0.193676 0.370182
vt 0.193084 0.414827
vt 0.997567 0.455031
vt 1.015974 0.443790
vt 1.008658 0.486017
vt 0.818121 0.389176
vt 0.838332 0.390531
vt 0.823890 0.425585
vt 0.619100 0.272144
vt 0.644343 0.271437
vt 0.627763 0.307653
vt 0.366332 0.310152
vt 0.171184 0.428613
vt 0.986308 0.485778
vt 0.801967 0.411611
vt 0.601008 0.297682
vt 0.318121 0.610824
vt 0.338332 0.609469
vt 0.324953 0.646742
vt 0.119100 0.727856
vt 0.144343 0.728563
vt 0.125891 0.764647
vt 0.874731 0.725485
vt 0.897047 0.744446
vt 0.867721 0.762172
vt 0.677032 0.607740
vt 0.693676 0.629818
vt 0.670329 0.643724
vt 0.497567 0.544969
vt 0.515974 0.556210
vt 0.497673 0.583016
vt 0.499249 0.859328
vt 0.549427 0.879695
vt 0.500000 0.897371
vt 0.498759 0.816570
vt 0.539151 0.839100
vt 0.498413 0.769968
vt 0.532156 0.793377
vt 0.498157 0.721173
vt 0.527104 0.744005
vt 0.497959 0.672379
vt 0.523292 0.693246
vt 0.497801 0.625775
vt 0.520316 0.643688
vt 0.517930 0.597552
vt 0.588133 0.850843
vt 0.572742 0.808857
vt 0.616149 0.813588
vt 0.561516 0.761557
vt 0.599178 0.770910
vt 0.636214 0.771236
vt 0.553044 0.711125
vt 0.585943 0.723411
vt 0.619480 0.728593
vt 0.650861 0.727048
vt 0.546458 0.660353
vt 0.575466 0.673759
vt 0.605706 0.682266
vt 0.635090 0.685377
vt 0.661852 0.683863
vt 0.541208 0.611969
vt 0.567035 0.624926
vt 0.594329 0.635042
vt 0.621569 0.641446
vt 0.647250 0.644113
vt 0.536932 0.567948
vt 0.560140 0.579413
vt 0.584864 0.589650
vt 0.610004 0.597805
vt 0.634345 0.603430
vt 0.656884 0.606595
vt 0.549262 0.924352
vt 0.605058 0.896208
vt 0.638374 0.857078
vt 0.658823 0.811515
vt 0.672241 0.763164
vt 0.681600 0.715242
vt 0.688456 0.670281
vt 0.645504 0.938931
vt 0.678288 0.897158
vt 0.752359 0.924698
vt 0.693282 0.849187
vt 0.745039 0.877546
vt 0.811592 0.889095
vt 0.701728 0.797996
vt 0.741472 0.826555
vt 0.790331 0.843455
vt 0.840967 0.846276
vt 0.707117 0.746532
vt 0.739362 0.774145
vt 0.777697 0.794002
vt 0.818727 0.803458
vt 0.857414 0.802921
vt 0.710847 0.697547
vt 0.737968 0.723094
vt 0.769421 0.743917
vt 0.803428 0.757547
vt 0.837104 0.763239
vt 0.713579 0.653010
vt 0.736979 0.675768
vt 0.763609 0.696007
vt 0.792444 0.711684
vt 0.821760 0.721601
vt 0.849659 0.725835
vt 0.452399 0.925375
vt 0.504798 0.963205
vt 0.761525 0.973274
vt 0.858573 0.930639
vt 0.880100 0.880998
vt 0.889078 0.831777
vt 0.893973 0.785757
vt 0.354884 0.941633
vt 0.231313 0.976672
vt 0.242303 0.928110
vt 0.991447 0.955001
vt 1.231313 0.976672
vt 1.131168 0.933218
vt 0.131168 0.933218
vt 0.181401 0.892227
vt 0.948871 0.905999
vt 1.040611 0.906969
vt 0.040611 0.906969
vt 0.111505 0.883267
vt 0.152084 0.849106
vt 0.935384 0.854964
vt 0.995561 0.864651
vt 1.056255 0.856230
vt 0.056255 0.856230
vt 0.103510 0.833907
vt 0.135928 0.805541
vt 0.928874 0.806086
vt 0.972371 0.818498
vt 1.019883 0.819006
vt 0.019883 0.819006
vt 0.063776 0.807490
vt 0.099196 0.787809
vt 0.925053 0.761562
vt 0.958794 0.773978
vt 0.996422 0.778819
vt 1.034162 0.774779
vt 0.034162 0.774779
vt 0.068177 0.763046
vt 0.096500 0.746448
vt 0.449573 0.880748
vt 0.393853 0.898310
vt 0.318816 0.900245
vt 0.249917 0.880960
vt 0.203693 0.846743
vt 0.175104 0.806530
vt 0.156782 0.766119
vt 0.409634 0.852658
vt 0.358802 0.859706
vt 0.380657 0.815890
vt 0.302745 0.852401
vt 0.337431 0.814406
vt 0.359949 0.773840
vt 0.253527 0.829966
vt 0.293832 0.801268
vt 0.323506 0.766200
vt 0.344883 0.729847
vt 0.216760 0.797354
vt 0.255632 0.777554
vt 0.288199 0.749835
vt 0.313849 0.718366
vt 0.333617 0.686792
vt 0.190837 0.760750
vt 0.225240 0.747298
vt 0.257010 0.726501
vt 0.284326 0.700870
vt 0.306807 0.673461
vt 0.172480 0.724646
vt 0.202067 0.714961
vt 0.231157 0.699403
vt 0.257982 0.679175
vt 0.281502 0.656346
vt 0.301463 0.633038
vt 0.458735 0.839953
vt 0.424387 0.810391
vt 0.397291 0.772933
vt 0.376496 0.730953
vt 0.360538 0.687970
vt 0.348137 0.646869
vt 0.464940 0.794093
vt 0.435074 0.762877
vt 0.469407 0.744620
vt 0.410184 0.725201
vt 0.443106 0.712281
vt 0.472772 0.693785
vt 0.390048 0.684406
vt 0.420346 0.675358
vt 0.449334 0.661379
vt 0.475396 0.644168
vt 0.373906 0.643842
vt 0.401200 0.636989
vt 0.428500 0.626365
vt 0.454289 0.612890
vt 0.477498 0.597985
vt 0.360927 0.606015
vt 0.385304 0.600019
vt 0.410452 0.591429
vt 0.435156 0.580719
vt 0.458319 0.568782
vt 0.479220 0.556603
vt 0.508658 0.513983
vt 0.521021 0.479086
vt 0.528894 0.523546
vt 0.534710 0.441204
vt 0.543098 0.486910
vt 0.549716 0.402023
vt 0.558529 0.447653
vt 0.565934 0.363724
vt 0.575027 0.407917
vt 0.583144 0.328435
vt 0.592322 0.370137
vt 0.610044 0.336337
vt 0.551590 0.533766
vt 0.567360 0.495811
vt 0.576156 0.543982
vt 0.584033 0.455886
vt 0.592897 0.505288
vt 0.601568 0.553376
vt 0.601298 0.416455
vt 0.610023 0.465492
vt 0.618458 0.514628
vt 0.626573 0.561242
vt 0.618768 0.379937
vt 0.627148 0.427129
vt 0.635160 0.475717
vt 0.642789 0.523151
vt 0.650030 0.567230
vt 0.636029 0.348004
vt 0.643884 0.392328
vt 0.651321 0.438970
vt 0.658344 0.485735
vt 0.664960 0.530427
vt 0.671184 0.571387
vt 0.693084 0.585173
vt 0.710391 0.558876
vt 0.711903 0.605948
vt 0.728654 0.529476
vt 0.731147 0.577873
vt 0.747445 0.498293
vt 0.750900 0.546540
vt 0.766257 0.467134
vt 0.770570 0.513697
vt 0.784576 0.437802
vt 0.789577 0.481471
vt 0.807453 0.451721
vt 0.733907 0.627429
vt 0.754709 0.597266
vt 0.758925 0.647935
vt 0.775291 0.563922
vt 0.780471 0.615441
vt 0.786167 0.665486
vt 0.795000 0.529582
vt 0.800886 0.580218
vt 0.807278 0.630739
vt 0.814221 0.678507
vt 0.813339 0.496563
vt 0.819652 0.544769
vt 0.826420 0.594134
vt 0.833666 0.642097
vt 0.841408 0.686452
vt 0.830016 0.466608
vt 0.836511 0.511372
vt 0.843386 0.558219
vt 0.850649 0.604953
vt 0.858300 0.649381
vt 0.866332 0.689848
vt 0.892890 0.700242
vt 0.910878 0.669806
vt 0.917137 0.715836
vt 0.928254 0.634845
vt 0.936280 0.681405
vt 0.944665 0.596871
vt 0.954040 0.642387
vt 0.959873 0.558001
vt 0.970171 0.600950
vt 0.973760 0.520409
vt 0.984603 0.559690
vt 0.997389 0.520891
vt 0.946235 0.728638
vt 0.965407 0.689727
vt 0.979314 0.736144
vt 0.982368 0.646799
vt 0.996854 0.692985
vt 1.014020 0.736515
vt 0.997160 0.602614
vt 1.011677 0.647113
vt 1.028346 0.690398
vt 0.028346 0.690398
vt 0.047234 0.729703
vt 0.014020 0.736515
vt 1.009965 0.559962
vt 1.024166 0.601527
vt 0.024166 0.601527
vt 0.040059 0.643299
vt 0.011677 0.647113
vt 0.057591 0.682676
vt 0.076542 0.717476
vt 1.021021 0.520914
vt 0.021021 0.520914
vt 0.034710 0.558796
vt 0.009965 0.559962
vt 0.049716 0.597977
vt 0.065934 0.636276
vt 0.083144 0.671565
vt 0.101008 0.702318
vt 0.127763 0.692347
vt 0.136029 0.651996
vt 0.152845 0.689284
vt 0.143884 0.607672
vt 0.160798 0.645020
vt 0.151321 0.561029
vt 0.168218 0.597135
vt 0.158344 0.514265
vt 0.175129 0.547837
vt 0.164960 0.469573
vt 0.181556 0.499688
vt 0.187531 0.454896
vt 0.180227 0.681623
vt 0.187336 0.633913
vt 0.208484 0.668798
vt 0.193857 0.583440
vt 0.214284 0.618781
vt 0.235903 0.651340
vt 0.199841 0.532844
vt 0.219537 0.567283
vt 0.240156 0.600677
vt 0.261046 0.630830
vt 0.205337 0.484766
vt 0.224309 0.517075
vt 0.243985 0.549953
vt 0.263789 0.581269
vt 0.283121 0.609277
vt 0.210391 0.441124
vt 0.228654 0.470524
vt 0.247445 0.501707
vt 0.266257 0.532866
vt 0.284576 0.562198
vt 0.301967 0.588389
vt 0.323890 0.574415
vt 0.330016 0.533392
vt 0.345076 0.570023
vt 0.336511 0.488628
vt 0.352182 0.525852
vt 0.343386 0.441781
vt 0.359651 0.478316
vt 0.350649 0.395047
vt 0.367475 0.429614
vt 0.358300 0.350619
vt 0.375639 0.382298
vt 0.384122 0.338561
vt 0.368552 0.563716
vt 0.376494 0.516980
vt 0.393556 0.555451
vt 0.384731 0.467711
vt 0.402022 0.507214
vt 0.418947 0.545600
vt 0.393234 0.418530
vt 0.410658 0.457654
vt 0.427514 0.497263
vt 0.443475 0.534903
vt 0.401964 0.372058
vt 0.419419 0.409519
vt 0.436103 0.448933
vt 0.451728 0.487876
vt 0.466123 0.524215
vt 0.410878 0.330194
vt 0.428254 0.365155
vt 0.444665 0.403129
vt 0.459873 0.441999
vt 0.473760 0.479591
vt 0.486308 0.514222
vt 0.687531 0.545104
vt 0.681556 0.500312
vt 0.675129 0.452163
vt 0.668218 0.402865
vt 0.660798 0.354980
vt 0.652845 0.310715
vt 0.705337 0.515234
vt 0.699841 0.467156
vt 0.724309 0.482925
vt 0.693857 0.416560
vt 0.719537 0.432716
vt 0.743985 0.450047
vt 0.687336 0.366086
vt 0.714284 0.381218
vt 0.740156 0.399323
vt 0.763789 0.418731
vt 0.680227 0.318377
vt 0.708485 0.331202
vt 0.735903 0.348660
vt 0.761046 0.369170
vt 0.783121 0.390723
vt 0.672480 0.275354
vt 0.702067 0.285039
vt 0.731157 0.300597
vt 0.757982 0.320825
vt 0.781502 0.343654
vt 0.801463 0.366962
vt 0.884122 0.661438
vt 0.875640 0.617702
vt 0.867475 0.570385
vt 0.859651 0.521684
vt 0.852182 0.474148
vt 0.845076 0.429977
vt 0.901964 0.627941
vt 0.893234 0.581469
vt 0.919419 0.590480
vt 0.884731 0.532289
vt 0.910658 0.542345
vt 0.936103 0.551066
vt 0.876494 0.483020
vt 0.902021 0.492786
vt 0.927514 0.502737
vt 0.951728 0.512123
vt 0.868552 0.436284
vt 0.893556 0.444548
vt 0.918947 0.454399
vt 0.943475 0.465097
vt 0.966123 0.475785
vt 0.860927 0.393985
vt 0.885304 0.399981
vt 0.910452 0.408571
vt 0.935156 0.419281
vt 0.958319 0.431218
vt 0.979220 0.443397
vt 0.110044 0.663663
vt 0.092322 0.629863
vt 0.075027 0.592083
vt 0.058529 0.552347
vt 0.043098 0.513090
vt 0.008658 0.486017
vt 0.028894 0.476454
vt 0.118768 0.620063
vt 0.101298 0.583545
vt 0.127148 0.572871
vt 0.084033 0.544114
vt 0.110023 0.534508
vt 0.135160 0.524283
vt 0.067360 0.504189
vt 0.092897 0.494712
vt 0.118459 0.485372
vt 0.142789 0.476849
vt 0.051590 0.466234
vt 0.076157 0.456018
vt 0.101569 0.446624
vt 0.126573 0.438758
vt 0.150030 0.432770
vt 0.015974 0.443790
vt 0.036932 0.432052
vt 0.060140 0.420587
vt 0.084864 0.410350
vt 0.110004 0.402195
vt 0.134345 0.396570
vt 0.156884 0.393405
vt 0.307453 0.548278
vt 0.289577 0.518529
vt 0.270570 0.486303
vt 0.250900 0.453460
vt 0.231147 0.422127
vt 0.211903 0.394052
vt 0.313339 0.503437
vt 0.295000 0.470418
vt 0.319653 0.455231
vt 0.275291 0.436078
vt 0.300886 0.419782
vt 0.326420 0.405866
vt 0.254709 0.402733
vt 0.280471 0.384558
vt 0.307278 0.369261
vt 0.333666 0.357903
vt 0.233907 0.372571
vt 0.258925 0.352065
vt 0.286167 0.334514
vt 0.314221 0.321493
vt 0.341408 0.313547
vt 0.213579 0.346990
vt 0.236979 0.324232
vt 0.263609 0.303993
vt 0.292444 0.288316
vt 0.321760 0.278399
vt 0.349659 0.274164
vt 0.497389 0.479109
vt 0.484603 0.440310
vt 0.470171 0.399050
vt 0.454040 0.357613
vt 0.436280 0.318594
vt 0.417137 0.284164
vt 0.509965 0.440038
vt 0.497160 0.397387
vt 0.524166 0.398473
vt 0.482368 0.353201
vt 0.511677 0.352888
vt 0.540059 0.356702
vt 0.465407 0.310273
vt 0.496854 0.307015
vt 0.528346 0.309602
vt 0.557591 0.317325
vt 0.446235 0.271362
vt 0.479314 0.263856
vt 0.514020 0.263485
vt 0.547234 0.270297
vt 0.576542 0.282525
vt 0.425053 0.238438
vt 0.458794 0.226022
vt 0.496422 0.221181
vt 0.534162 0.225221
vt 0.568177 0.236954
vt 0.596500 0.253552
vt 0.625891 0.235352
vt 0.635928 0.194459
vt 0.656783 0.233881
vt 0.652084 0.150894
vt 0.675104 0.193470
vt 0.681401 0.107773
vt 0.703693 0.153257
vt 0.742303 0.071890
vt 0.749917 0.119041
vt 0.854884 0.058367
vt 0.818816 0.099756
vt 0.893853 0.101690
vt 0.690837 0.239251
vt 0.716760 0.202647
vt 0.725240 0.252703
vt 0.753527 0.170034
vt 0.755632 0.222447
vt 0.757010 0.273499
vt 0.802745 0.147600
vt 0.793832 0.198733
vt 0.788199 0.250165
vt 0.784326 0.299130
vt 0.858802 0.140295
vt 0.837431 0.185595
vt 0.823506 0.233801
vt 0.813849 0.281635
vt 0.806807 0.326539
vt 0.909634 0.147341
vt 0.880657 0.184110
vt 0.859949 0.226160
vt 0.844883 0.270153
vt 0.833617 0.313208
vt 0.824953 0.353258
vt 0.848137 0.353131
vt 0.860538 0.312030
vt 0.876496 0.269047
vt 0.897292 0.227067
vt 0.924387 0.189609
vt 0.958735 0.160047
vt 0.873907 0.356158
vt 0.890049 0.315594
vt 0.901200 0.363012
vt 0.910184 0.274799
vt 0.920346 0.324642
vt 0.928501 0.373635
vt 0.935075 0.237123
vt 0.943106 0.287720
vt 0.949334 0.338622
vt 0.954289 0.387110
vt 0.964940 0.205908
vt 0.969407 0.255380
vt 0.972772 0.306215
vt 0.975396 0.355832
vt 0.977499 0.402015
vt 0.998759 0.183430
vt 0.998413 0.230032
vt 0.998157 0.278827
vt 0.997959 0.327621
vt 0.997801 0.374225
vt 0.997673 0.416984
vt 1.017929 0.402448
vt 1.020316 0.356312
vt 1.023292 0.306754
vt 1.027104 0.255995
vt 1.032156 0.206623
vt 1.039152 0.160900
vt 0.017929 0.402448
vt 0.020316 0.356312
vt 0.041207 0.388031
vt 0.023292 0.306754
vt 0.046458 0.339647
vt 0.067035 0.375074
vt 0.027104 0.255995
vt 0.053044 0.288875
vt 0.075466 0.326241
vt 0.094329 0.364958
vt 0.032156 0.206623
vt 0.061516 0.238444
vt 0.085943 0.276590
vt 0.105706 0.317735
vt 0.121569 0.358554
vt 0.039152 0.160900
vt 0.072742 0.191143
vt 0.099178 0.229091
vt 0.119481 0.271408
vt 0.135090 0.314623
vt 0.147250 0.355888
vt 0.088133 0.149157
vt 0.116149 0.186412
vt 0.136214 0.228764
vt 0.150861 0.272952
vt 0.161852 0.316137
vt 0.170329 0.356276
vt 0.599196 0.212191
vt 0.563776 0.192510
vt 0.519883 0.180995
vt 0.472371 0.181502
vt 0.428874 0.193914
vt 0.393973 0.214243
vt 0.603510 0.166093
vt 0.556255 0.143770
vt 0.611505 0.116733
vt 0.495561 0.135350
vt 0.540610 0.093031
vt 0.631168 0.066782
vt 0.435384 0.145036
vt 0.448871 0.094002
vt 0.491447 0.045000
vt 0.731311 0.023328
vt 0.389079 0.168223
vt 0.380100 0.119003
vt 0.358574 0.069362
vt 0.261528 0.026726
vt 0.004799 0.036794
vt 1.004799 0.036794
vt 0.357414 0.197079
vt 0.340967 0.153724
vt 0.311592 0.110905
vt 0.252359 0.075302
vt 0.145504 0.061069
vt 1.049262 0.075648
vt 0.188456 0.329719
vt 0.181600 0.284758
vt 0.172242 0.236836
vt 0.158824 0.188485
vt 0.138375 0.142922
vt 0.105059 0.103792
vt 0.210847 0.302453
vt 0.207117 0.253468
vt 0.237968 0.276906
vt 0.201728 0.202004
vt 0.239362 0.225855
vt 0.269421 0.256083
vt 0.193283 0.150813
vt 0.241472 0.173445
vt 0.277697 0.205998
vt 0.303428 0.242453
vt 0.178289 0.102842
vt 0.245040 0.122454
vt 0.290332 0.156545
vt 0.318728 0.196543
vt 0.337104 0.236761
s 0
f 1/1/1 20/2/1 19/3/1
f 2/4/2 26/5/2 40/6/2
f 1/7/3 19/8/3 54/9/3
f 1/7/4 54/9/4 68/10/4
f 1/7/5 68/10/5 41/11/5
f 2/4/6 40/6/6 89/12/6
f 3/13/7 33/14/7 103/15/7
f 4/16/8 61/17/8 117/18/8
f 5/19/9 75/20/9 131/21/9
f 6/22/10 82/23/10 145/24/10
f 2/4/11 89/12/11 104/25/11
f 3/13/12 103/15/12 118/26/12
f 4/16/13 117/18/13 132/27/13
f 5/19/14 131/21/14 146/28/14
f 6/22/15 145/24/15 90/29/15
f 7/30/16 159/31/16 194/32/16
f 8/33/17 166/34/17 208/35/17
f 9/36/18 173/37/18 215/38/18
f 10/39/19 180/40/19 222/41/19
f 11/42/20 187/43/20 195/44/20
f 201/45/21 216/46/21 12/47/21
f 200/48/22 223/49/22 201/45/22
f 199/50/23 224/51/23 200/48/23
f 198/52/24 226/53/24 199/50/24
f 197/54/25 229/55/25 198/52/25
f 196/56/26 233/57/26 197/54/26
f 195/44/27 238/58/27 196/56/27
f 201/45/28 223/49/28 216/46/28
f 223/49/29 217/59/29 216/46/29
f 200/48/30 224/51/30 223/49/30
f 224/51/31 225/60/31 223/49/31
f 223/49/32 225/60/32 217/59/32
f 225/60/33 218/61/33 217/59/33
f 199/50/34 226/53/34 224/51/34
f 226/53/35 227/62/35 224/51/35
f 224/51/36 227/62/36 225/60/36
f 227/62/37 228/63/37 225/60/37
f 225/60/38 228/63/38 218/61/38
f 228/63/39 219/64/39 218/61/39
f 198/52/40 229/55/40 226/53/40
f 229/55/41 230/65/41 226/53/41
f 226/53/42 230/65/42 227/62/42
f 230/65/43 231/66/43 227/62/43
f 227/62/44 231/66/44 228/63/44
f 231/66/45 232/67/45 228/63/45
f 228/63/46 232/67/46 219/64/46
f 232/67/47 220/68/47 219/64/47
f 197/54/48 233/57/48 229/55/48
f 233/57/49 234/69/49 229/55/49
f 229/55/50 234/69/50 230/65/50
f 234/69/51 235/70/51 230/65/51
f 230/65/52 235/70/52 231/66/52
f 235/70/53 236/71/53 231/66/53
f 231/66/54 236/71/54 232/67/54
f 236/71/55 237/72/55 232/67/55
f 232/67/56 237/72/56 220/68/56
f 237/72/57 221/73/57 220/68/57
f 196/56/58 238/58/58 233/57/58
f 238/58/59 239/74/59 233/57/59
f 233/57/60 239/74/60 234/69/60
f 239/74/61 240/75/61 234/69/61
f 234/69/62 240/75/62 235/70/62
f 240/75/63 241/76/63 235/70/63
f 235/70/64 241/76/64 236/71/64
f 241/76/65 242/77/65 236/71/65
f 236/71/66 242/77/66 237/72/66
f 242/77/67 243/78/67 237/72/67
f 237/72/68 243/78/68 221/73/68
f 243/78/69 222/41/69 221/73/69
f 195/44/70 187/43/70 238/58/70
f 187/43/71 186/79/71 238/58/71
f 238/58/72 186/79/72 239/74/72
f 186/79/73 185/80/73 239/74/73
f 239/74/74 185/80/74 240/75/74
f 185/80/75 184/81/75 240/75/75
f 240/75/76 184/81/76 241/76/76
f 184/81/77 183/82/77 241/76/77
f 241/76/78 183/82/78 242/77/78
f 183/82/79 182/83/79 242/77/79
f 242/77/80 182/83/80 243/78/80
f 182/83/81 181/84/81 243/78/81
f 243/78/82 181/84/82 222/41/82
f 181/84/83 10/39/83 222/41/83
f 216/46/84 209/85/84 12/47/84
f 217/59/85 244/86/85 216/46/85
f 218/61/86 245/87/86 217/59/86
f 219/64/87 247/88/87 218/61/87
f 220/68/88 250/89/88 219/64/88
f 221/73/89 254/90/89 220/68/89
f 222/41/90 259/91/90 221/73/90
f 216/46/91 244/86/91 209/85/91
f 244/86/92 210/92/92 209/85/92
f 217/59/93 245/87/93 244/86/93
f 245/87/94 246/93/94 244/86/94
f 244/86/95 246/93/95 210/92/95
f 246/93/96 211/94/96 210/92/96
f 218/61/97 247/88/97 245/87/97
f 247/88/98 248/95/98 245/87/98
f 245/87/99 248/95/99 246/93/99
f 248/95/100 249/96/100 246/93/100
f 246/93/101 249/96/101 211/94/101
f 249/96/102 212/97/102 211/94/102
f 219/64/103 250/89/103 247/88/103
f 250/89/104 251/98/104 247/88/104
f 247/88/105 251/98/105 248/95/105
f 251/98/106 252/99/106 248/95/106
f 248/95/107 252/99/107 249/96/107
f 252/99/108 253/100/108 249/96/108
f 249/96/109 253/100/109 212/97/109
f 253/100/110 213/101/110 212/97/110
f 220/68/111 254/90/111 250/89/111
f 254/90/112 255/102/112 250/89/112
f 250/89/113 255/102/113 251/98/113
f 255/102/114 256/103/114 251/98/114
f 251/98/115 256/103/115 252/99/115
f 256/103/116 257/104/116 252/99/116
f 252/99/117 257/104/117 253/100/117
f 257/104/118 258/105/118 253/100/118
f 253/100/119 258/105/119 213/101/119
f 258/105/120 214/106/120 213/101/120
f 221/73/121 259/91/121 254/90/121
f 259/91/122 260/107/122 254/90/122
f 254/90/123 260/107/123 255/102/123
f 260/107/124 261/108/124 255/102/124
f 255/102/125 261/108/125 256/103/125
f 261/108/126 262/109/126 256/103/126
f 256/103/127 262/109/127 257/104/127
f 262/109/128 263/110/128 257/104/128
f 257/104/129 263/110/129 258/105/129
f 263/110/130 264/111/130 258/105/130
f 258/105/131 264/111/131 214/106/131
f 264/111/132 215/38/132 214/106/132
f 222/41/133 180/40/133 259/91/133
f 180/40/134 179/112/134 259/91/134
f 259/91/135 179/112/135 260/107/135
f 179/112/136 178/113/136 260/107/136
f 260/107/137 178/113/137 261/108/137
f 178/113/138 177/114/138 261/108/138
f 261/108/139 177/114/139 262/109/139
f 177/114/140 176/115/140 262/109/140
f 262/109/141 176/115/141 263/110/141
f 176/115/142 175/116/142 263/110/142
f 263/110/143 175/116/143 264/111/143
f 175/116/144 174/117/144 264/111/144
f 264/111/145 174/117/145 215/38/145
f 174/117/146 9/36/146 215/38/146
f 209/85/147 202/118/147 12/47/147
f 210/92/148 265/119/148 209/85/148
f 211/94/149 266/120/149 210/92/149
f 212/97/150 268/121/150 211/94/150
f 213/101/151 271/122/151 212/97/151
f 214/106/152 275/123/152 213/101/152
f 215/38/153 280/124/153 214/106/153
f 209/85/154 265/119/154 202/118/154
f 265/119/155 203/125/155 202/118/155
f 210/92/156 266/120/156 265/119/156
f 266/120/157 267/126/157 265/119/157
f 265/119/158 267/126/158 203/125/158
f 267/126/159 204/127/159 203/125/159
f 211/94/160 268/121/160 266/120/160
f 268/121/161 269/128/161 266/120/161
f 266/120/162 269/128/162 267/129/162
f 269/128/163 270/130/163 267/129/163
f 267/126/164 270/131/164 204/127/164
f 270/131/165 205/132/165 204/127/165
f 212/97/166 271/122/166 268/121/166
f 271/122/167 272/133/167 268/121/167
f 268/121/168 272/133/168 269/128/168
f 272/133/169 273/134/169 269/128/169
f 269/128/170 273/134/170 270/130/170
f 273/135/171 274/136/171 270/131/171
f 270/131/172 274/136/172 205/132/172
f 274/136/173 206/137/173 205/132/173
f 213/101/174 275/123/174 271/122/174
f 275/123/175 276/138/175 271/122/175
f 271/122/176 276/138/176 272/133/176
f 276/138/177 277/139/177 272/133/177
f 272/133/178 277/139/178 273/134/178
f 277/139/179 278/140/179 273/134/179
f 273/135/180 278/141/180 274/136/180
f 278/141/181 279/142/181 274/136/181
f 274/136/182 279/142/182 206/137/182
f 279/142/183 207/143/183 206/137/183
f 214/106/184 280/124/184 275/123/184
f 280/124/185 281/144/185 275/123/185
f 275/123/186 281/144/186 276/138/186
f 281/144/187 282/145/187 276/138/187
f 276/138/188 282/145/188 277/139/188
f 282/145/189 283/146/189 277/139/189
f 277/139/190 283/146/190 278/140/190
f 283/147/191 284/148/191 278/141/191
f 278/141/192 284/148/192 279/142/192
f 284/148/193 285/149/193 279/142/193
f 279/142/194 285/149/194 207/143/194
f 285/149/195 208/35/195 207/143/195
f 215/38/196 173/37/196 280/124/196
f 173/37/197 172/150/197 280/124/197
f 280/124/198 172/150/198 281/144/198
f 172/150/199 171/151/199 281/144/199
f 281/144/200 171/151/200 282/145/200
f 171/151/201 170/152/201 282/145/201
f 282/145/202 170/152/202 283/146/202
f 170/152/203 169/153/203 283/146/203
f 283/147/204 169/154/204 284/148/204
f 169/154/205 168/155/205 284/148/205
f 284/148/206 168/155/206 285/149/206
f 168/155/207 167/156/207 285/149/207
f 285/149/208 167/156/208 208/35/208
f 167/156/209 8/33/209 208/35/209
f 202/118/210 188/157/210 12/47/210
f 203/125/211 286/158/211 202/118/211
f 204/127/212 287/159/212 203/125/212
f 205/132/213 289/160/213 204/127/213
f 206/137/214 292/161/214 205/132/214
f 207/143/215 296/162/215 206/137/215
f 208/35/216 301/163/216 207/143/216
f 202/118/217 286/158/217 188/157/217
f 286/158/218 189/164/218 188/157/218
f 203/125/219 287/159/219 286/158/219
f 287/159/220 288/165/220 286/158/220
f 286/158/221 288/165/221 189/164/221
f 288/165/222 190/166/222 189/164/222
f 204/127/223 289/160/223 287/159/223
f 289/160/224 290/167/224 287/159/224
f 287/159/225 290/167/225 288/165/225
f 290/167/226 291/168/226 288/165/226
f 288/165/227 291/168/227 190/166/227
f 291/168/228 191/169/228 190/166/228
f 205/132/229 292/161/229 289/160/229
f 292/161/230 293/170/230 289/160/230
f 289/160/231 293/170/231 290/167/231
f 293/170/232 294/171/232 290/167/232
f 290/167/233 294/171/233 291/168/233
f 294/171/234 295/172/234 291/168/234
f 291/168/235 295/172/235 191/169/235
f 295/172/236 192/173/236 191/169/236
f 206/137/237 296/162/237 292/161/237
f 296/162/238 297/174/238 292/161/238
f 292/161/239 297/174/239 293/170/239
f 297/174/240 298/175/240 293/170/240
f 293/170/241 298/175/241 294/171/241
f 298/175/242 299/176/242 294/171/242
f 294/171/243 299/176/243 295/172/243
f 299/176/244 300/177/244 295/172/244
f 295/172/245 300/177/245 192/173/245
f 300/177/246 193/178/246 192/173/246
f 207/143/247 301/163/247 296/162/247
f 301/163/248 302/179/248 296/162/248
f 296/162/249 302/179/249 297/174/249
f 302/179/250 303/180/250 297/174/250
f 297/174/251 303/180/251 298/175/251
f 303/180/252 304/181/252 298/175/252
f 298/175/253 304/181/253 299/176/253
f 304/181/254 305/182/254 299/176/254
f 299/176/255 305/182/255 300/177/255
f 305/182/256 306/183/256 300/177/256
f 300/177/257 306/183/257 193/178/257
f 306/183/258 194/32/258 193/178/258
f 208/35/259 166/34/259 301/163/259
f 166/34/260 165/184/260 301/163/260
f 301/163/261 165/184/261 302/179/261
f 165/184/262 164/185/262 302/179/262
f 302/179/263 164/185/263 303/180/263
f 164/185/264 163/186/264 303/180/264
f 303/180/265 163/186/265 304/181/265
f 163/186/266 162/187/266 304/181/266
f 304/181/267 162/187/267 305/182/267
f 162/187/268 161/188/268 305/182/268
f 305/182/269 161/188/269 306/183/269
f 161/188/270 160/189/270 306/183/270
f 306/183/271 160/189/271 194/32/271
f 160/189/272 7/30/272 194/32/272
f 188/157/273 201/45/273 12/47/273
f 189/164/274 307/190/274 188/157/274
f 190/166/275 308/191/275 189/164/275
f 191/169/276 310/192/276 190/166/276
f 192/173/277 313/193/277 191/169/277
f 193/178/278 317/194/278 192/173/278
f 194/32/279 322/195/279 193/178/279
f 188/157/280 307/190/280 201/45/280
f 307/190/281 200/48/281 201/45/281
f 189/164/282 308/191/282 307/190/282
f 308/191/283 309/196/283 307/190/283
f 307/190/284 309/196/284 200/48/284
f 309/196/285 199/50/285 200/48/285
f 190/166/286 310/192/286 308/191/286
f 310/192/287 311/197/287 308/191/287
f 308/191/288 311/197/288 309/196/288
f 311/197/289 312/198/289 309/196/289
f 309/196/290 312/198/290 199/50/290
f 312/198/291 198/52/291 199/50/291
f 191/169/292 313/193/292 310/192/292
f 313/193/293 314/199/293 310/192/293
f 310/192/294 314/199/294 311/197/294
f 314/199/295 315/200/295 311/197/295
f 311/197/296 315/200/296 312/198/296
f 315/200/297 316/201/297 312/198/297
f 312/198/298 316/201/298 198/52/298
f 316/201/299 197/54/299 198/52/299
f 192/173/300 317/194/300 313/193/300
f 317/194/301 318/202/301 313/193/301
f 313/193/302 318/202/302 314/199/302
f 318/202/303 319/203/303 314/199/303
f 314/199/304 319/203/304 315/200/304
f 319/203/305 320/204/305 315/200/305
f 315/200/306 320/204/306 316/201/306
f 320/204/307 321/205/307 316/201/307
f 316/201/308 321/205/308 197/54/308
f 321/205/309 196/56/309 197/54/309
f 193/178/310 322/195/310 317/194/310
f 322/195/311 323/206/311 317/194/311
f 317/194/312 323/206/312 318/202/312
f 323/206/313 324/207/313 318/202/313
f 318/202/314 324/207/314 319/203/314
f 324/207/315 325/208/315 319/203/315
f 319/203/316 325/208/316 320/204/316
f 325/208/317 326/209/317 320/204/317
f 320/204/318 326/209/318 321/205/318
f 326/209/319 327/210/319 321/205/319
f 321/205/320 327/210/320 196/56/320
f 327/210/321 195/44/321 196/56/321
f 194/32/322 159/31/322 322/195/322
f 159/31/323 158/211/323 322/195/323
f 322/195/324 158/211/324 323/206/324
f 158/211/325 157/212/325 323/206/325
f 323/206/326 157/212/326 324/207/326
f 157/212/327 156/213/327 324/207/327
f 324/207/328 156/213/328 325/208/328
f 156/213/329 155/214/329 325/208/329
f 325/208/330 155/214/330 326/209/330
f 155/214/331 154/215/331 326/209/331
f 326/209/332 154/215/332 327/210/332
f 154/215/333 153/216/333 327/210/333
f 327/210/334 153/216/334 195/44/334
f 153/216/335 11/42/335 195/44/335
f 96/217/336 187/43/336 11/42/336
f 95/218/337 328/219/337 96/217/337
f 94/220/338 329/221/338 95/218/338
f 93/222/339 331/223/339 94/220/339
f 92/224/340 334/225/340 93/222/340
f 91/226/341 338/227/341 92/224/341
f 90/29/342 343/228/342 91/226/342
f 96/217/343 328/219/343 187/43/343
f 328/219/344 186/79/344 187/43/344
f 95/218/345 329/221/345 328/219/345
f 329/221/346 330/229/346 328/219/346
f 328/219/347 330/229/347 186/79/347
f 330/229/348 185/80/348 186/79/348
f 94/220/349 331/223/349 329/221/349
f 331/223/350 332/230/350 329/221/350
f 329/221/351 332/230/351 330/229/351
f 332/230/352 333/231/352 330/229/352
f 330/229/353 333/231/353 185/80/353
f 333/231/354 184/81/354 185/80/354
f 93/222/355 334/225/355 331/223/355
f 334/225/356 335/232/356 331/223/356
f 331/223/357 335/232/357 332/230/357
f 335/232/358 336/233/358 332/230/358
f 332/230/359 336/233/359 333/231/359
f 336/233/360 337/234/360 333/231/360
f 333/231/361 337/234/361 184/81/361
f 337/234/362 183/82/362 184/81/362
f 92/224/363 338/227/363 334/225/363
f 338/227/364 339/235/364 334/225/364
f 334/225/365 339/235/365 335/232/365
f 339/235/366 340/236/366 335/232/366
f 335/232/367 340/236/367 336/233/367
f 340/236/368 341/237/368 336/233/368
f 336/233/369 341/237/369 337/234/369
f 341/237/370 342/238/370 337/234/370
f 337/234/371 342/238/371 183/82/371
f 342/238/372 182/83/372 183/82/372
f 91/226/373 343/228/373 338/227/373
f 343/228/374 344/239/374 338/227/374
f 338/227/375 344/239/375 339/235/375
f 344/239/376 345/240/376 339/235/376
f 339/235/377 345/240/377 340/236/377
f 345/240/378 346/241/378 340/236/378
f 340/236/379 346/241/379 341/237/379
f 346/241/380 347/242/380 341/237/380
f 341/237/381 347/242/381 342/238/381
f 347/242/382 348/243/382 342/238/382
f 342/238/383 348/243/383 182/83/383
f 348/243/384 181/84/384 182/83/384
f 90/29/385 145/24/385 343/228/385
f 145/24/386 144/244/386 343/228/386
f 343/228/387 144/244/387 344/239/387
f 144/244/388 143/245/388 344/239/388
f 344/239/389 143/245/389 345/240/389
f 143/245/390 142/246/390 345/240/390
f 345/240/391 142/246/391 346/241/391
f 142/246/392 141/247/392 346/241/392
f 346/241/393 141/247/393 347/242/393
f 141/247/394 140/248/394 347/242/394
f 347/242/395 140/248/395 348/243/395
f 140/248/396 139/249/396 348/243/396
f 348/243/397 139/249/397 181/84/397
f 139/249/398 10/39/398 181/84/398
f 152/250/399 180/40/399 10/39/399
f 151/251/400 349/252/400 152/250/400
f 150/253/401 350/254/401 151/251/401
f 149/255/402 352/256/402 150/253/402
f 148/257/403 355/258/403 149/255/403
f 147/259/404 359/260/404 148/257/404
f 146/28/405 364/261/405 147/259/405
f 152/250/406 349/252/406 180/40/406
f 349/252/407 179/112/407 180/40/407
f 151/251/408 350/254/408 349/252/408
f 350/254/409 351/262/409 349/252/409
f 349/252/410 351/262/410 179/112/410
f 351/262/411 178/113/411 179/112/411
f 150/253/412 352/256/412 350/254/412
f 352/256/413 353/263/413 350/254/413
f 350/254/414 353/263/414 351/262/414
f 353/263/415 354/264/415 351/262/415
f 351/262/416 354/264/416 178/113/416
f 354/264/417 177/114/417 178/113/417
f 149/255/418 355/258/418 352/256/418
f 355/258/419 356/265/419 352/256/419
f 352/256/420 356/265/420 353/263/420
f 356/265/421 357/266/421 353/263/421
f 353/263/422 357/266/422 354/264/422
f 357/266/423 358/267/423 354/264/423
f 354/264/424 358/267/424 177/114/424
f 358/267/425 176/115/425 177/114/425
f 148/257/426 359/260/426 355/258/426
f 359/260/427 360/268/427 355/258/427
f 355/258/428 360/268/428 356/265/428
f 360/268/429 361/269/429 356/265/429
f 356/265/430 361/269/430 357/266/430
f 361/269/431 362/270/431 357/266/431
f 357/266/432 362/270/432 358/267/432
f 362/270/433 363/271/433 358/267/433
f 358/267/434 363/271/434 176/115/434
f 363/271/435 175/116/435 176/115/435
f 147/259/436 364/261/436 359/260/436
f 364/261/437 365/272/437 359/260/437
f 359/260/438 365/272/438 360/268/438
f 365/272/439 366/273/439 360/268/439
f 360/268/440 366/273/440 361/269/440
f 366/273/441 367/274/441 361/269/441
f 361/269/442 367/274/442 362/270/442
f 367/274/443 368/275/443 362/270/443
f 362/270/444 368/275/444 363/271/444
f 368/275/445 369/276/445 363/271/445
f 363/271/446 369/276/446 175/116/446
f 369/276/447 174/117/447 175/116/447
f 146/28/448 131/21/448 364/261/448
f 131/21/449 130/277/449 364/261/449
f 364/261/450 130/277/450 365/272/450
f 130/277/451 129/278/451 365/272/451
f 365/272/452 129/278/452 366/273/452
f 129/278/453 128/279/453 366/273/453
f 366/273/454 128/279/454 367/274/454
f 128/279/455 127/280/455 367/274/455
f 367/274/456 127/280/456 368/275/456
f 127/280/457 126/281/457 368/275/457
f 368/275/458 126/281/458 369/276/458
f 126/281/459 125/282/459 369/276/459
f 369/276/460 125/282/460 174/117/460
f 125/282/461 9/36/461 174/117/461
f 138/283/462 173/37/462 9/36/462
f 137/284/463 370/285/463 138/283/463
f 136/286/464 371/287/464 137/284/464
f 135/288/465 373/289/465 136/286/465
f 134/290/466 376/291/466 135/288/466
f 133/292/467 380/293/467 134/290/467
f 132/27/468 385/294/468 133/292/468
f 138/283/469 370/285/469 173/37/469
f 370/285/470 172/150/470 173/37/470
f 137/284/471 371/287/471 370/285/471
f 371/287/472 372/295/472 370/285/472
f 370/285/473 372/295/473 172/150/473
f 372/295/474 171/151/474 172/150/474
f 136/286/475 373/289/475 371/287/475
f 373/289/476 374/296/476 371/287/476
f 371/287/477 374/296/477 372/295/477
f 374/296/478 375/297/478 372/295/478
f 372/295/479 375/297/479 171/151/479
f 375/297/480 170/152/480 171/151/480
f 135/288/481 376/291/481 373/289/481
f 376/291/482 377/298/482 373/289/482
f 373/289/483 377/298/483 374/296/483
f 377/298/484 378/299/484 374/296/484
f 374/296/485 378/299/485 375/297/485
f 378/299/486 379/300/486 375/297/486
f 375/297/487 379/300/487 170/152/487
f 379/300/488 169/153/488 170/152/488
f 134/290/489 380/293/489 376/291/489
f 380/293/490 381/301/490 376/291/490
f 376/291/491 381/301/491 377/298/491
f 381/301/492 382/302/492 377/298/492
f 377/298/493 382/302/493 378/299/493
f 382/302/494 383/303/494 378/299/494
f 378/299/495 383/303/495 379/300/495
f 383/304/496 384/305/496 379/306/496
f 379/306/497 384/305/497 169/154/497
f 384/305/498 168/155/498 169/154/498
f 133/292/499 385/294/499 380/293/499
f 385/294/500 386/307/500 380/293/500
f 380/293/501 386/307/501 381/301/501
f 386/307/502 387/308/502 381/301/502
f 381/301/503 387/308/503 382/302/503
f 387/309/504 388/310/504 382/311/504
f 382/311/505 388/310/505 383/304/505
f 388/310/506 389/312/506 383/304/506
f 383/304/507 389/312/507 384/305/507
f 389/312/508 390/313/508 384/305/508
f 384/305/509 390/313/509 168/155/509
f 390/313/510 167/156/510 168/155/510
f 132/27/511 117/18/511 385/294/511
f 117/18/512 116/314/512 385/294/512
f 385/294/513 116/314/513 386/307/513
f 116/315/514 115/316/514 386/317/514
f 386/317/515 115/316/515 387/309/515
f 115/316/516 114/318/516 387/309/516
f 387/309/517 114/318/517 388/310/517
f 114/318/518 113/319/518 388/310/518
f 388/310/519 113/319/519 389/312/519
f 113/319/520 112/320/520 389/312/520
f 389/312/521 112/320/521 390/313/521
f 112/320/522 111/321/522 390/313/522
f 390/313/523 111/321/523 167/156/523
f 111/321/524 8/33/524 167/156/524
f 124/322/525 166/34/525 8/33/525
f 123/323/526 391/324/526 124/322/526
f 122/325/527 392/326/527 123/323/527
f 121/327/528 394/328/528 122/325/528
f 120/329/529 397/330/529 121/327/529
f 119/331/530 401/332/530 120/329/530
f 118/26/531 406/333/531 119/331/531
f 124/322/532 391/324/532 166/34/532
f 391/324/533 165/184/533 166/34/533
f 123/323/534 392/326/534 391/324/534
f 392/326/535 393/334/535 391/324/535
f 391/324/536 393/334/536 165/184/536
f 393/334/537 164/185/537 165/184/537
f 122/325/538 394/328/538 392/326/538
f 394/328/539 395/335/539 392/326/539
f 392/326/540 395/335/540 393/334/540
f 395/335/541 396/336/541 393/334/541
f 393/334/542 396/336/542 164/185/542
f 396/336/543 163/186/543 164/185/543
f 121/327/544 397/330/544 394/328/544
f 397/330/545 398/337/545 394/328/545
f 394/328/546 398/337/546 395/335/546
f 398/337/547 399/338/547 395/335/547
f 395/335/548 399/338/548 396/336/548
f 399/338/549 400/339/549 396/336/549
f 396/336/550 400/339/550 163/186/550
f 400/339/551 162/187/551 163/186/551
f 120/329/552 401/332/552 397/330/552
f 401/332/553 402/340/553 397/330/553
f 397/330/554 402/340/554 398/337/554
f 402/340/555 403/341/555 398/337/555
f 398/337/556 403/341/556 399/338/556
f 403/341/557 404/342/557 399/338/557
f 399/338/558 404/342/558 400/339/558
f 404/342/559 405/343/559 400/339/559
f 400/339/560 405/343/560 162/187/560
f 405/343/561 161/188/561 162/187/561
f 119/331/562 406/333/562 401/332/562
f 406/333/563 407/344/563 401/332/563
f 401/332/564 407/344/564 402/340/564
f 407/344/565 408/345/565 402/340/565
f 402/340/566 408/345/566 403/341/566
f 408/345/567 409/346/567 403/341/567
f 403/341/568 409/346/568 404/342/568
f 409/346/569 410/347/569 404/342/569
f 404/342/570 410/347/570 405/343/570
f 410/347/571 411/348/571 405/343/571
f 405/343/572 411/348/572 161/188/572
f 411/348/573 160/189/573 161/188/573
f 118/26/574 103/15/574 406/333/574
f 103/15/575 102/349/575 406/333/575
f 406/333/576 102/349/576 407/344/576
f 102/349/577 101/350/577 407/344/577
f 407/344/578 101/350/578 408/345/578
f 101/350/579 100/351/579 408/345/579
f 408/345/580 100/351/580 409/346/580
f 100/351/581 99/352/581 409/346/581
f 409/346/582 99/352/582 410/347/582
f 99/352/583 98/353/583 410/347/583
f 410/347/584 98/353/584 411/348/584
f 98/353/585 97/354/585 411/348/585
f 411/348/586 97/354/586 160/189/586
f 97/354/587 7/30/587 160/189/587
f 110/355/588 159/31/588 7/30/588
f 109/356/589 412/357/589 110/355/589
f 108/358/590 413/359/590 109/356/590
f 107/360/591 415/361/591 108/358/591
f 106/362/592 418/363/592 107/360/592
f 105/364/593 422/365/593 106/362/593
f 104/25/594 427/366/594 105/364/594
f 110/355/595 412/357/595 159/31/595
f 412/357/596 158/211/596 159/31/596
f 109/356/597 413/359/597 412/357/597
f 413/359/598 414/367/598 412/357/598
f 412/357/599 414/367/599 158/211/599
f 414/367/600 157/212/600 158/211/600
f 108/358/601 415/361/601 413/359/601
f 415/361/602 416/368/602 413/359/602
f 413/359/603 416/368/603 414/367/603
f 416/368/604 417/369/604 414/367/604
f 414/367/605 417/369/605 157/212/605
f 417/369/606 156/213/606 157/212/606
f 107/360/607 418/363/607 415/361/607
f 418/363/608 419/370/608 415/361/608
f 415/361/609 419/370/609 416/368/609
f 419/370/610 420/371/610 416/368/610
f 416/368/611 420/371/611 417/369/611
f 420/371/612 421/372/612 417/369/612
f 417/369/613 421/372/613 156/213/613
f 421/372/614 155/214/614 156/213/614
f 106/362/615 422/365/615 418/363/615
f 422/365/616 423/373/616 418/363/616
f 418/363/617 423/373/617 419/370/617
f 423/373/618 424/374/618 419/370/618
f 419/370/619 424/374/619 420/371/619
f 424/374/620 425/375/620 420/371/620
f 420/371/621 425/375/621 421/372/621
f 425/375/622 426/376/622 421/372/622
f 421/372/623 426/376/623 155/214/623
f 426/376/624 154/215/624 155/214/624
f 105/364/625 427/366/625 422/365/625
f 427/366/626 428/377/626 422/365/626
f 422/365/627 428/377/627 423/373/627
f 428/377/628 429/378/628 423/373/628
f 423/373/629 429/378/629 424/374/629
f 429/378/630 430/379/630 424/374/630
f 424/374/631 430/379/631 425/375/631
f 430/379/632 431/380/632 425/375/632
f 425/375/633 431/380/633 426/376/633
f 431/380/634 432/381/634 426/376/634
f 426/376/635 432/381/635 154/215/635
f 432/381/636 153/216/636 154/215/636
f 104/25/637 89/12/637 427/366/637
f 89/12/638 88/382/638 427/366/638
f 427/366/639 88/382/639 428/377/639
f 88/382/640 87/383/640 428/377/640
f 428/377/641 87/383/641 429/378/641
f 87/383/642 86/384/642 429/378/642
f 429/378/643 86/384/643 430/379/643
f 86/384/644 85/385/644 430/379/644
f 430/379/645 85/385/645 431/380/645
f 85/385/646 84/386/646 431/380/646
f 431/380/647 84/386/647 432/381/647
f 84/386/648 83/387/648 432/381/648
f 432/381/649 83/387/649 153/216/649
f 83/387/650 11/42/650 153/216/650
f 139/249/651 152/250/651 10/39/651
f 140/248/652 433/388/652 139/249/652
f 141/247/653 434/389/653 140/248/653
f 142/246/654 436/390/654 141/247/654
f 143/245/655 439/391/655 142/246/655
f 144/244/656 443/392/656 143/245/656
f 145/24/657 448/393/657 144/244/657
f 139/249/658 433/388/658 152/250/658
f 433/388/659 151/251/659 152/250/659
f 140/248/660 434/389/660 433/388/660
f 434/389/661 435/394/661 433/388/661
f 433/388/662 435/394/662 151/251/662
f 435/394/663 150/253/663 151/251/663
f 141/247/664 436/390/664 434/389/664
f 436/390/665 437/395/665 434/389/665
f 434/389/666 437/395/666 435/394/666
f 437/395/667 438/396/667 435/394/667
f 435/394/668 438/396/668 150/253/668
f 438/396/669 149/255/669 150/253/669
f 142/246/670 439/391/670 436/390/670
f 439/391/671 440/397/671 436/390/671
f 436/390/672 440/397/672 437/395/672
f 440/397/673 441/398/673 437/395/673
f 437/395/674 441/398/674 438/396/674
f 441/398/675 442/399/675 438/396/675
f 438/396/676 442/399/676 149/255/676
f 442/399/677 148/257/677 149/255/677
f 143/245/678 443/392/678 439/391/678
f 443/392/679 444/400/679 439/391/679
f 439/391/680 444/400/680 440/397/680
f 444/400/681 445/401/681 440/397/681
f 440/397/682 445/401/682 441/398/682
f 445/401/683 446/402/683 441/398/683
f 441/398/684 446/402/684 442/399/684
f 446/402/685 447/403/685 442/399/685
f 442/399/686 447/403/686 148/257/686
f 447/403/687 147/259/687 148/257/687
f 144/244/688 448/393/688 443/392/688
f 448/393/689 449/404/689 443/392/689
f 443/392/690 449/404/690 444/400/690
f 449/404/691 450/405/691 444/400/691
f 444/400/692 450/405/692 445/401/692
f 450/405/693 451/406/693 445/401/693
f 445/401/694 451/406/694 446/402/694
f 451/406/695 452/407/695 446/402/695
f 446/402/696 452/407/696 447/403/696
f 452/407/697 453/408/697 447/403/697
f 447/403/698 453/408/698 147/259/698
f 453/408/699 146/28/699 147/259/699
f 145/24/700 82/23/700 448/393/700
f 82/23/701 81/409/701 448/393/701
f 448/393/702 81/409/702 449/404/702
f 81/409/703 80/410/703 449/404/703
f 449/404/704 80/410/704 450/405/704
f 80/410/705 79/411/705 450/405/705
f 450/405/706 79/411/706 451/406/706
f 79/411/707 78/412/707 451/406/707
f 451/406/708 78/412/708 452/407/708
f 78/412/709 77/413/709 452/407/709
f 452/407/710 77/413/710 453/408/710
f 77/413/711 76/414/711 453/408/711
f 453/408/712 76/414/712 146/28/712
f 76/414/713 5/19/713 146/28/713
f 125/282/714 138/283/714 9/36/714
f 126/281/715 454/415/715 125/282/715
f 127/280/716 455/416/716 126/281/716
f 128/279/717 457/417/717 127/280/717
f 129/278/718 460/418/718 128/279/718
f 130/277/719 464/419/719 129/278/719
f 131/21/720 469/420/720 130/277/720
f 125/282/721 454/415/721 138/283/721
f 454/415/722 137/284/722 138/283/722
f 126/281/723 455/416/723 454/415/723
f 455/416/724 456/421/724 454/415/724
f 454/415/725 456/421/725 137/284/725
f 456/421/726 136/286/726 137/284/726
f 127/280/727 457/417/727 455/416/727
f 457/417/728 458/422/728 455/416/728
f 455/416/729 458/422/729 456/421/729
f 458/422/730 459/423/730 456/421/730
f 456/421/731 459/423/731 136/286/731
f 459/423/732 135/288/732 136/286/732
f 128/279/733 460/418/733 457/417/733
f 460/418/734 461/424/734 457/417/734
f 457/417/735 461/424/735 458/422/735
f 461/424/736 462/425/736 458/422/736
f 458/422/737 462/425/737 459/423/737
f 462/425/738 463/426/738 459/423/738
f 459/423/739 463/426/739 135/288/739
f 463/426/740 134/290/740 135/288/740
f 129/278/741 464/419/741 460/418/741
f 464/419/742 465/427/742 460/418/742
f 460/418/743 465/427/743 461/424/743
f 465/427/744 466/428/744 461/424/744
f 461/424/745 466/428/745 462/425/745
f 466/428/746 467/429/746 462/425/746
f 462/425/747 467/429/747 463/426/747
f 467/429/748 468/430/748 463/426/748
f 463/426/749 468/430/749 134/290/749
f 468/430/750 133/292/750 134/290/750
f 130/277/751 469/420/751 464/419/751
f 469/420/752 470/431/752 464/419/752
f 464/419/753 470/431/753 465/427/753
f 470/431/754 471/432/754 465/427/754
f 465/427/755 471/432/755 466/428/755
f 471/432/756 472/433/756 466/428/756
f 466/428/757 472/433/757 467/429/757
f 472/433/758 473/434/758 467/429/758
f 467/429/759 473/434/759 468/430/759
f 473/434/760 474/435/760 468/430/760
f 468/430/761 474/435/761 133/292/761
f 474/435/762 132/27/762 133/292/762
f 131/21/763 75/20/763 469/420/763
f 75/20/764 74/436/764 469/420/764
f 469/420/765 74/436/765 470/431/765
f 74/436/766 73/437/766 470/431/766
f 470/431/767 73/437/767 471/432/767
f 73/437/768 72/438/768 471/432/768
f 471/432/769 72/438/769 472/433/769
f 72/438/770 71/439/770 472/433/770
f 472/433/771 71/439/771 473/434/771
f 71/439/772 70/440/772 473/434/772
f 473/434/773 70/440/773 474/435/773
f 70/440/774 69/441/774 474/435/774
f 474/435/775 69/441/775 132/27/775
f 69/441/776 4/16/776 132/27/776
f 111/321/777 124/322/777 8/33/777
f 112/320/778 475/442/778 111/321/778
f 113/319/779 476/443/779 112/320/779
f 114/318/780 478/444/780 113/319/780
f 115/316/781 481/445/781 114/318/781
f 116/315/782 485/446/782 115/316/782
f 117/447/783 490/448/783 116/315/783
f 111/321/784 475/442/784 124/322/784
f 475/442/785 123/323/785 124/322/785
f 112/320/786 476/443/786 475/442/786
f 476/443/787 477/449/787 475/442/787
f 475/442/788 477/449/788 123/323/788
f 477/449/789 122/325/789 123/323/789
f 113/319/790 478/444/790 476/443/790
f 478/444/791 479/450/791 476/443/791
f 476/443/792 479/450/792 477/449/792
f 479/450/793 480/451/793 477/449/793
f 477/449/794 480/451/794 122/325/794
f 480/451/795 121/327/795 122/325/795
f 114/318/796 481/445/796 478/444/796
f 481/445/797 482/452/797 478/444/797
f 478/444/798 482/452/798 479/450/798
f 482/452/799 483/453/799 479/450/799
f 479/450/800 483/453/800 480/451/800
f 483/453/801 484/454/801 480/451/801
f 480/451/802 484/454/802 121/327/802
f 484/454/803 120/329/803 121/327/803
f 115/316/804 485/446/804 481/445/804
f 485/446/805 486/455/805 481/445/805
f 481/445/806 486/455/806 482/452/806
f 486/455/807 487/456/807 482/452/807
f 482/452/808 487/456/808 483/453/808
f 487/456/809 488/457/809 483/453/809
f 483/453/810 488/457/810 484/454/810
f 488/457/811 489/458/811 484/454/811
f 484/454/812 489/458/812 120/329/812
f 489/458/813 119/331/813 120/329/813
f 116/315/814 490/448/814 485/446/814
f 490/448/815 491/459/815 485/446/815
f 485/446/816 491/459/816 486/455/816
f 491/459/817 492/460/817 486/455/817
f 486/455/818 492/460/818 487/456/818
f 492/460/819 493/461/819 487/456/819
f 487/456/820 493/461/820 488/457/820
f 493/461/821 494/462/821 488/457/821
f 488/457/822 494/462/822 489/458/822
f 494/462/823 495/463/823 489/458/823
f 489/458/824 495/463/824 119/331/824
f 495/463/825 118/26/825 119/331/825
f 117/447/826 61/464/826 490/448/826
f 61/464/827 60/465/827 490/448/827
f 490/448/828 60/465/828 491/459/828
f 60/465/829 59/466/829 491/459/829
f 491/459/830 59/466/830 492/460/830
f 59/466/831 58/467/831 492/460/831
f 492/460/832 58/467/832 493/461/832
f 58/467/833 57/468/833 493/461/833
f 493/461/834 57/468/834 494/462/834
f 57/468/835 56/469/835 494/462/835
f 494/462/836 56/469/836 495/463/836
f 56/469/837 55/470/837 495/463/837
f 495/463/838 55/470/838 118/26/838
f 55/470/839 3/13/839 118/26/839
f 97/354/840 110/355/840 7/30/840
f 98/353/841 496/471/841 97/354/841
f 99/352/842 497/472/842 98/353/842
f 100/351/843 499/473/843 99/352/843
f 101/350/844 502/474/844 100/351/844
f 102/349/845 506/475/845 101/350/845
f 103/15/846 511/476/846 102/349/846
f 97/354/847 496/471/847 110/355/847
f 496/471/848 109/356/848 110/355/848
f 98/353/849 497/472/849 496/471/849
f 497/472/850 498/477/850 496/471/850
f 496/471/851 498/477/851 109/356/851
f 498/477/852 108/358/852 109/356/852
f 99/352/853 499/473/853 497/472/853
f 499/473/854 500/478/854 497/472/854
f 497/472/855 500/478/855 498/477/855
f 500/478/856 501/479/856 498/477/856
f 498/477/857 501/479/857 108/358/857
f 501/479/858 107/360/858 108/358/858
f 100/351/859 502/474/859 499/473/859
f 502/474/860 503/480/860 499/473/860
f 499/473/861 503/480/861 500/478/861
f 503/480/862 504/481/862 500/478/862
f 500/478/863 504/481/863 501/479/863
f 504/481/864 505/482/864 501/479/864
f 501/479/865 505/482/865 107/360/865
f 505/482/866 106/362/866 107/360/866
f 101/350/867 506/475/867 502/474/867
f 506/475/868 507/483/868 502/474/868
f 502/474/869 507/483/869 503/480/869
f 507/483/870 508/484/870 503/480/870
f 503/480/871 508/484/871 504/481/871
f 508/484/872 509/485/872 504/481/872
f 504/481/873 509/485/873 505/482/873
f 509/485/874 510/486/874 505/482/874
f 505/482/875 510/486/875 106/362/875
f 510/486/876 105/364/876 106/362/876
f 102/349/877 511/476/877 506/475/877
f 511/476/878 512/487/878 506/475/878
f 506/475/879 512/487/879 507/483/879
f 512/487/880 513/488/880 507/483/880
f 507/483/881 513/488/881 508/484/881
f 513/488/882 514/489/882 508/484/882
f 508/484/883 514/489/883 509/485/883
f 514/489/884 515/490/884 509/485/884
f 509/485/885 515/490/885 510/486/885
f 515/490/886 516/491/886 510/486/886
f 510/486/887 516/491/887 105/364/887
f 516/491/888 104/25/888 105/364/888
f 103/15/889 33/14/889 511/476/889
f 33/14/890 32/492/890 511/476/890
f 511/476/891 32/492/891 512/487/891
f 32/492/892 31/493/892 512/487/892
f 512/487/893 31/493/893 513/488/893
f 31/493/894 30/494/894 513/488/894
f 513/488/895 30/494/895 514/489/895
f 30/494/896 29/495/896 514/489/896
f 514/489/897 29/495/897 515/490/897
f 29/495/898 28/496/898 515/490/898
f 515/490/899 28/496/899 516/491/899
f 28/496/900 27/497/900 516/491/900
f 516/491/901 27/497/901 104/25/901
f 27/497/902 2/4/902 104/25/902
f 83/387/903 96/217/903 11/42/903
f 84/386/904 517/498/904 83/387/904
f 85/385/905 518/499/905 84/386/905
f 86/384/906 520/500/906 85/385/906
f 87/383/907 523/501/907 86/384/907
f 88/382/908 527/502/908 87/383/908
f 89/12/909 532/503/909 88/382/909
f 83/387/910 517/498/910 96/217/910
f 517/498/911 95/218/911 96/217/911
f 84/386/912 518/499/912 517/498/912
f 518/499/913 519/504/913 517/498/913
f 517/498/914 519/504/914 95/218/914
f 519/504/915 94/220/915 95/218/915
f 85/385/916 520/500/916 518/499/916
f 520/500/917 521/505/917 518/499/917
f 518/499/918 521/505/918 519/504/918
f 521/505/919 522/506/919 519/504/919
f 519/504/920 522/506/920 94/220/920
f 522/506/921 93/222/921 94/220/921
f 86/384/922 523/501/922 520/500/922
f 523/501/923 524/507/923 520/500/923
f 520/500/924 524/507/924 521/505/924
f 524/507/925 525/508/925 521/505/925
f 521/505/926 525/508/926 522/506/926
f 525/508/927 526/509/927 522/506/927
f 522/506/928 526/509/928 93/222/928
f 526/509/929 92/224/929 93/222/929
f 87/383/930 527/502/930 523/501/930
f 527/502/931 528/510/931 523/501/931
f 523/501/932 528/510/932 524/507/932
f 528/510/933 529/511/933 524/507/933
f 524/507/934 529/511/934 525/508/934
f 529/511/935 530/512/935 525/508/935
f 525/508/936 530/512/936 526/509/936
f 530/512/937 531/513/937 526/509/937
f 526/509/938 531/513/938 92/224/938
f 531/513/939 91/226/939 92/224/939
f 88/382/940 532/503/940 527/502/940
f 532/503/941 533/514/941 527/502/941
f 527/502/942 533/514/942 528/510/942
f 533/514/943 534/515/943 528/510/943
f 528/510/944 534/515/944 529/511/944
f 534/515/945 535/516/945 529/511/945
f 529/511/946 535/516/946 530/512/946
f 535/516/947 536/517/947 530/512/947
f 530/512/948 536/517/948 531/513/948
f 536/517/949 537/518/949 531/513/949
f 531/513/950 537/518/950 91/226/950
f 537/518/951 90/29/951 91/226/951
f 89/12/952 40/6/952 532/503/952
f 40/6/953 39/519/953 532/503/953
f 532/503/954 39/519/954 533/514/954
f 39/519/955 38/520/955 533/514/955
f 533/514/956 38/520/956 534/515/956
f 38/520/957 37/521/957 534/515/957
f 534/515/958 37/521/958 535/516/958
f 37/521/959 36/522/959 535/516/959
f 535/516/960 36/522/960 536/517/960
f 36/522/961 35/523/961 536/517/961
f 536/517/962 35/523/962 537/518/962
f 35/523/963 34/524/963 537/518/963
f 537/518/964 34/524/964 90/29/964
f 34/524/965 6/22/965 90/29/965
f 47/525/966 82/23/966 6/22/966
f 46/526/967 538/527/967 47/525/967
f 45/528/968 539/529/968 46/526/968
f 44/530/969 541/531/969 45/528/969
f 43/532/970 544/533/970 44/530/970
f 42/534/971 548/535/971 43/532/971
f 41/11/972 553/536/972 42/534/972
f 47/525/973 538/527/973 82/23/973
f 538/527/974 81/409/974 82/23/974
f 46/526/975 539/529/975 538/527/975
f 539/529/976 540/537/976 538/527/976
f 538/527/977 540/537/977 81/409/977
f 540/537/978 80/410/978 81/409/978
f 45/528/979 541/531/979 539/529/979
f 541/531/980 542/538/980 539/529/980
f 539/529/981 542/538/981 540/537/981
f 542/538/982 543/539/982 540/537/982
f 540/537/983 543/539/983 80/410/983
f 543/539/984 79/411/984 80/410/984
f 44/530/985 544/533/985 541/531/985
f 544/533/986 545/540/986 541/531/986
f 541/531/987 545/540/987 542/538/987
f 545/540/988 546/541/988 542/538/988
f 542/538/989 546/541/989 543/539/989
f 546/541/990 547/542/990 543/539/990
f 543/539/991 547/542/991 79/411/991
f 547/542/992 78/412/992 79/411/992
f 43/532/993 548/535/993 544/533/993
f 548/535/994 549/543/994 544/533/994
f 544/533/995 549/543/995 545/540/995
f 549/543/996 550/544/996 545/540/996
f 545/540/997 550/544/997 546/541/997
f 550/544/998 551/545/998 546/541/998
f 546/541/999 551/545/999 547/542/999
f 551/545/1000 552/546/1000 547/542/1000
f 547/542/1001 552/546/1001 78/412/1001
f 552/546/1002 77/413/1002 78/412/1002
f 42/534/1003 553/536/1003 548/535/1003
f 553/536/1004 554/547/1004 548/535/1004
f 548/535/1005 554/547/1005 549/543/1005
f 554/547/1006 555/548/1006 549/543/1006
f 549/543/1007 555/548/1007 550/544/1007
f 555/548/1008 556/549/1008 550/544/1008
f 550/544/1009 556/549/1009 551/545/1009
f 556/549/1010 557/550/1010 551/545/1010
f 551/545/1011 557/550/1011 552/546/1011
f 557/550/1012 558/551/1012 552/546/1012
f 552/546/1013 558/551/1013 77/413/1013
f 558/551/1014 76/414/1014 77/413/1014
f 41/11/1015 68/10/1015 553/536/1015
f 68/10/1016 67/552/1016 553/536/1016
f 553/536/1017 67/552/1017 554/547/1017
f 67/552/1018 66/553/1018 554/547/1018
f 554/547/1019 66/553/1019 555/548/1019
f 66/553/1020 65/554/1020 555/548/1020
f 555/548/1021 65/554/1021 556/549/1021
f 65/554/1022 64/555/1022 556/549/1022
f 556/549/1023 64/555/1023 557/550/1023
f 64/555/1024 63/556/1024 557/550/1024
f 557/550/1025 63/556/1025 558/551/1025
f 63/556/1026 62/557/1026 558/551/1026
f 558/551/1027 62/557/1027 76/414/1027
f 62/557/1028 5/19/1028 76/414/1028
f 62/557/1029 75/20/1029 5/19/1029
f 63/556/1030 559/558/1030 62/557/1030
f 64/555/1031 560/559/1031 63/556/1031
f 65/554/1032 562/560/1032 64/555/1032
f 66/553/1033 565/561/1033 65/554/1033
f 67/552/1034 569/562/1034 66/553/1034
f 68/10/1035 574/563/1035 67/552/1035
f 62/557/1036 559/558/1036 75/20/1036
f 559/558/1037 74/436/1037 75/20/1037
f 63/556/1038 560/559/1038 559/558/1038
f 560/559/1039 561/564/1039 559/558/1039
f 559/558/1040 561/564/1040 74/436/1040
f 561/564/1041 73/437/1041 74/436/1041
f 64/555/1042 562/560/1042 560/559/1042
f 562/560/1043 563/565/1043 560/559/1043
f 560/559/1044 563/565/1044 561/564/1044
f 563/565/1045 564/566/1045 561/564/1045
f 561/564/1046 564/566/1046 73/437/1046
f 564/566/1047 72/438/1047 73/437/1047
f 65/554/1048 565/561/1048 562/560/1048
f 565/561/1049 566/567/1049 562/560/1049
f 562/560/1050 566/567/1050 563/565/1050
f 566/567/1051 567/568/1051 563/565/1051
f 563/565/1052 567/568/1052 564/566/1052
f 567/568/1053 568/569/1053 564/566/1053
f 564/566/1054 568/569/1054 72/438/1054
f 568/569/1055 71/439/1055 72/438/1055
f 66/553/1056 569/562/1056 565/561/1056
f 569/562/1057 570/570/1057 565/561/1057
f 565/561/1058 570/570/1058 566/567/1058
f 570/570/1059 571/571/1059 566/567/1059
f 566/567/1060 571/571/1060 567/568/1060
f 571/571/1061 572/572/1061 567/568/1061
f 567/568/1062 572/572/1062 568/569/1062
f 572/572/1063 573/573/1063 568/569/1063
f 568/569/1064 573/573/1064 71/439/1064
f 573/573/1065 70/440/1065 71/439/1065
f 67/552/1066 574/563/1066 569/562/1066
f 574/563/1067 575/574/1067 569/562/1067
f 569/562/1068 575/574/1068 570/570/1068
f 575/574/1069 576/575/1069 570/570/1069
f 570/570/1070 576/575/1070 571/571/1070
f 576/575/1071 577/576/1071 571/571/1071
f 571/571/1072 577/576/1072 572/572/1072
f 577/576/1073 578/577/1073 572/572/1073
f 572/572/1074 578/577/1074 573/573/1074
f 578/577/1075 579/578/1075 573/573/1075
f 573/573/1076 579/578/1076 70/440/1076
f 579/578/1077 69/441/1077 70/440/1077
f 68/10/1078 54/9/1078 574/563/1078
f 54/9/1079 53/579/1079 574/563/1079
f 574/563/1080 53/579/1080 575/574/1080
f 53/579/1081 52/580/1081 575/574/1081
f 575/574/1082 52/580/1082 576/575/1082
f 52/580/1083 51/581/1083 576/575/1083
f 576/575/1084 51/581/1084 577/576/1084
f 51/581/1085 50/582/1085 577/576/1085
f 577/576/1086 50/582/1086 578/577/1086
f 50/582/1087 49/583/1087 578/577/1087
f 578/577/1088 49/583/1088 579/578/1088
f 49/583/1089 48/584/1089 579/578/1089
f 579/578/1090 48/584/1090 69/441/1090
f 48/584/1091 4/16/1091 69/441/1091
f 48/584/1092 61/17/1092 4/16/1092
f 49/583/1093 580/585/1093 48/584/1093
f 50/582/1094 581/586/1094 49/583/1094
f 51/581/1095 583/587/1095 50/582/1095
f 52/580/1096 586/588/1096 51/581/1096
f 53/579/1097 590/589/1097 52/580/1097
f 54/9/1098 595/590/1098 53/579/1098
f 48/584/1099 580/585/1099 61/17/1099
f 580/591/1100 60/465/1100 61/464/1100
f 49/583/1101 581/586/1101 580/585/1101
f 581/592/1102 582/593/1102 580/591/1102
f 580/591/1103 582/593/1103 60/465/1103
f 582/593/1104 59/466/1104 60/465/1104
f 50/582/1105 583/587/1105 581/586/1105
f 583/594/1106 584/595/1106 581/592/1106
f 581/592/1107 584/595/1107 582/593/1107
f 584/595/1108 585/596/1108 582/593/1108
f 582/593/1109 585/596/1109 59/466/1109
f 585/596/1110 58/467/1110 59/466/1110
f 51/581/1111 586/588/1111 583/587/1111
f 586/597/1112 587/598/1112 583/594/1112
f 583/594/1113 587/598/1113 584/595/1113
f 587/598/1114 588/599/1114 584/595/1114
f 584/595/1115 588/599/1115 585/596/1115
f 588/599/1116 589/600/1116 585/596/1116
f 585/596/1117 589/600/1117 58/467/1117
f 589/600/1118 57/468/1118 58/467/1118
f 52/580/1119 590/589/1119 586/588/1119
f 590/601/1120 591/602/1120 586/597/1120
f 586/597/1121 591/602/1121 587/598/1121
f 591/602/1122 592/603/1122 587/598/1122
f 587/598/1123 592/603/1123 588/599/1123
f 592/603/1124 593/604/1124 588/599/1124
f 588/599/1125 593/604/1125 589/600/1125
f 593/604/1126 594/605/1126 589/600/1126
f 589/600/1127 594/605/1127 57/468/1127
f 594/605/1128 56/469/1128 57/468/1128
f 53/579/1129 595/590/1129 590/589/1129
f 595/606/1130 596/607/1130 590/601/1130
f 590/601/1131 596/607/1131 591/602/1131
f 596/607/1132 597/608/1132 591/602/1132
f 591/602/1133 597/608/1133 592/603/1133
f 597/608/1134 598/609/1134 592/603/1134
f 592/603/1135 598/609/1135 593/604/1135
f 598/609/1136 599/610/1136 593/604/1136
f 593/604/1137 599/610/1137 594/605/1137
f 599/610/1138 600/611/1138 594/605/1138
f 594/605/1139 600/611/1139 56/469/1139
f 600/611/1140 55/470/1140 56/469/1140
f 54/9/1141 19/8/1141 595/590/1141
f 19/3/1142 18/612/1142 595/606/1142
f 595/606/1143 18/612/1143 596/607/1143
f 18/612/1144 17/613/1144 596/607/1144
f 596/607/1145 17/613/1145 597/608/1145
f 17/613/1146 16/614/1146 597/608/1146
f 597/608/1147 16/614/1147 598/609/1147
f 16/614/1148 15/615/1148 598/609/1148
f 598/609/1149 15/615/1149 599/610/1149
f 15/615/1150 14/616/1150 599/610/1150
f 599/610/1151 14/616/1151 600/611/1151
f 14/616/1152 13/617/1152 600/611/1152
f 600/611/1153 13/617/1153 55/470/1153
f 13/617/1154 3/13/1154 55/470/1154
f 34/524/1155 47/525/1155 6/22/1155
f 35/523/1156 601/618/1156 34/524/1156
f 36/522/1157 602/619/1157 35/523/1157
f 37/521/1158 604/620/1158 36/522/1158
f 38/520/1159 607/621/1159 37/521/1159
f 39/519/1160 611/622/1160 38/520/1160
f 40/6/1161 616/623/1161 39/519/1161
f 34/524/1162 601/618/1162 47/525/1162
f 601/618/1163 46/526/1163 47/525/1163
f 35/523/1164 602/619/1164 601/618/1164
f 602/619/1165 603/624/1165 601/618/1165
f 601/618/1166 603/624/1166 46/526/1166
f 603/624/1167 45/528/1167 46/526/1167
f 36/522/1168 604/620/1168 602/619/1168
f 604/620/1169 605/625/1169 602/619/1169
f 602/619/1170 605/625/1170 603/624/1170
f 605/625/1171 606/626/1171 603/624/1171
f 603/624/1172 606/626/1172 45/528/1172
f 606/626/1173 44/530/1173 45/528/1173
f 37/521/1174 607/621/1174 604/620/1174
f 607/621/1175 608/627/1175 604/620/1175
f 604/620/1176 608/627/1176 605/625/1176
f 608/627/1177 609/628/1177 605/625/1177
f 605/625/1178 609/628/1178 606/626/1178
f 609/628/1179 610/629/1179 606/626/1179
f 606/626/1180 610/629/1180 44/530/1180
f 610/629/1181 43/532/1181 44/530/1181
f 38/520/1182 611/622/1182 607/621/1182
f 611/622/1183 612/630/1183 607/621/1183
f 607/621/1184 612/630/1184 608/627/1184
f 612/630/1185 613/631/1185 608/627/1185
f 608/627/1186 613/631/1186 609/628/1186
f 613/631/1187 614/632/1187 609/628/1187
f 609/628/1188 614/632/1188 610/629/1188
f 614/632/1189 615/633/1189 610/629/1189
f 610/629/1190 615/633/1190 43/532/1190
f 615/633/1191 42/534/1191 43/532/1191
f 39/519/1192 616/623/1192 611/622/1192
f 616/623/1193 617/634/1193 611/622/1193
f 611/622/1194 617/634/1194 612/630/1194
f 617/634/1195 618/635/1195 612/630/1195
f 612/630/1196 618/635/1196 613/631/1196
f 618/635/1197 619/636/1197 613/631/1197
f 613/631/1198 619/636/1198 614/632/1198
f 619/636/1199 620/637/1199 614/632/1199
f 614/632/1200 620/637/1200 615/633/1200
f 620/637/1201 621/638/1201 615/633/1201
f 615/633/1202 621/639/1202 42/534/1202
f 621/639/1203 41/11/1203 42/534/1203
f 40/6/1204 26/5/1204 616/623/1204
f 26/5/1205 25/640/1205 616/623/1205
f 616/623/1206 25/640/1206 617/634/1206
f 25/640/1207 24/641/1207 617/634/1207
f 617/634/1208 24/641/1208 618/635/1208
f 24/641/1209 23/642/1209 618/635/1209
f 618/635/1210 23/642/1210 619/636/1210
f 23/642/1211 22/643/1211 619/636/1211
f 619/636/1212 22/643/1212 620/637/1212
f 22/643/1213 21/644/1213 620/637/1213
f 620/637/1214 21/644/1214 621/638/1214
f 21/644/1215 20/2/1215 621/638/1215
f 621/639/1216 20/645/1216 41/11/1216
f 20/645/1217 1/7/1217 41/11/1217
f 13/617/1218 33/14/1218 3/13/1218
f 14/616/1219 622/646/1219 13/617/1219
f 15/615/1220 623/647/1220 14/616/1220
f 16/614/1221 625/648/1221 15/615/1221
f 17/613/1222 628/649/1222 16/614/1222
f 18/612/1223 632/650/1223 17/613/1223
f 19/3/1224 637/651/1224 18/612/1224
f 13/617/1225 622/646/1225 33/14/1225
f 622/646/1226 32/492/1226 33/14/1226
f 14/616/1227 623/647/1227 622/646/1227
f 623/647/1228 624/652/1228 622/646/1228
f 622/646/1229 624/652/1229 32/492/1229
f 624/652/1230 31/493/1230 32/492/1230
f 15/615/1231 625/648/1231 623/647/1231
f 625/648/1232 626/653/1232 623/647/1232
f 623/647/1233 626/653/1233 624/652/1233
f 626/653/1234 627/654/1234 624/652/1234
f 624/652/1235 627/654/1235 31/493/1235
f 627/654/1236 30/494/1236 31/493/1236
f 16/614/1237 628/649/1237 625/648/1237
f 628/649/1238 629/655/1238 625/648/1238
f 625/648/1239 629/655/1239 626/653/1239
f 629/655/1240 630/656/1240 626/653/1240
f 626/653/1241 630/656/1241 627/654/1241
f 630/656/1242 631/657/1242 627/654/1242
f 627/654/1243 631/657/1243 30/494/1243
f 631/657/1244 29/495/1244 30/494/1244
f 17/613/1245 632/650/1245 628/649/1245
f 632/650/1246 633/658/1246 628/649/1246
f 628/649/1247 633/658/1247 629/655/1247
f 633/658/1248 634/659/1248 629/655/1248
f 629/655/1249 634/659/1249 630/656/1249
f 634/659/1250 635/660/1250 630/656/1250
f 630/656/1251 635/660/1251 631/657/1251
f 635/660/1252 636/661/1252 631/657/1252
f 631/657/1253 636/661/1253 29/495/1253
f 636/661/1254 28/496/1254 29/495/1254
f 18/612/1255 637/651/1255 632/650/1255
f 637/651/1256 638/662/1256 632/650/1256
f 632/650/1257 638/662/1257 633/658/1257
f 638/662/1258 639/663/1258 633/658/1258
f 633/658/1259 639/663/1259 634/659/1259
f 639/663/1260 640/664/1260 634/659/1260
f 634/659/1261 640/664/1261 635/660/1261
f 640/664/1262 641/665/1262 635/660/1262
f 635/660/1263 641/665/1263 636/661/1263
f 641/665/1264 642/666/1264 636/661/1264
f 636/661/1265 642/666/1265 28/496/1265
f 642/666/1266 27/497/1266 28/496/1266
f 19/3/1267 20/2/1267 637/651/1267
f 20/2/1268 21/644/1268 637/651/1268
f 637/651/1269 21/644/1269 638/662/1269
f 21/644/1270 22/643/1270 638/662/1270
f 638/662/1271 22/643/1271 639/663/1271
f 22/643/1272 23/642/1272 639/663/1272
f 639/663/1273 23/642/1273 640/664/1273
f 23/642/1274 24/641/1274 640/664/1274
f 640/664/1275 24/641/1275 641/665/1275
f 24/641/1276 25/640/1276 641/665/1276
f 641/665/1277 25/640/1277 642/666/1277
f 25/640/1278 26/5/1278 642/666/1278
f 642/666/1279 26/5/1279 27/497/1279
f 26/5/1280 2/4/1280 27/497/1280
